community,year,Crimes Involving Children,Deceptive Practices and Fraud,Drug-Related Crimes,Property Crimes,Public Order Crimes,Violent Crimes,latitude,longitude
ALBANY PARK,2014,16.0,112.0,149.0,1092.0,147.0,687.0,41.96806846568348,-87.72155978386796
ALBANY PARK,2015,20.0,88.0,110.0,1257.0,103.0,758.0,41.96806846568348,-87.72155978386796
ALBANY PARK,2016,25.0,142.0,44.0,1178.0,67.0,791.0,41.96806846568348,-87.72155978386796
ALBANY PARK,2017,25.0,134.0,28.0,1298.0,73.0,711.0,41.96806846568348,-87.72155978386796
ALBANY PARK,2018,14.0,143.0,33.0,1163.0,94.0,792.0,41.96806846568348,-87.72155978386796
ALBANY PARK,2019,21.0,132.0,61.0,1063.0,130.0,630.0,41.96806846568348,-87.72155978386796
ALBANY PARK,2020,17.0,146.0,54.0,898.0,114.0,629.0,41.96806846568348,-87.72155978386796
ALBANY PARK,2021,16.0,146.0,23.0,820.0,80.0,599.0,41.96806846568348,-87.72155978386796
ALBANY PARK,2022,28.0,127.0,48.0,1023.0,87.0,650.0,41.96806846568348,-87.72155978386796
ALBANY PARK,2023,27.0,199.0,31.0,1257.0,85.0,763.0,41.96806846568348,-87.72155978386796
ARCHER HEIGHTS,2014,17.0,47.0,53.0,619.0,42.0,204.0,41.810879571562666,-87.7263628391597
ARCHER HEIGHTS,2015,8.0,47.0,38.0,486.0,47.0,298.0,41.810879571562666,-87.7263628391597
ARCHER HEIGHTS,2016,5.0,56.0,32.0,469.0,38.0,231.0,41.810879571562666,-87.7263628391597
ARCHER HEIGHTS,2017,9.0,64.0,18.0,434.0,39.0,228.0,41.810879571562666,-87.7263628391597
ARCHER HEIGHTS,2018,7.0,47.0,23.0,435.0,33.0,229.0,41.810879571562666,-87.7263628391597
ARCHER HEIGHTS,2019,10.0,47.0,17.0,424.0,43.0,214.0,41.810879571562666,-87.7263628391597
ARCHER HEIGHTS,2020,7.0,65.0,5.0,306.0,41.0,213.0,41.810879571562666,-87.7263628391597
ARCHER HEIGHTS,2021,10.0,60.0,3.0,284.0,36.0,230.0,41.810879571562666,-87.7263628391597
ARCHER HEIGHTS,2022,3.0,142.0,5.0,444.0,59.0,276.0,41.810879571562666,-87.7263628391597
ARCHER HEIGHTS,2023,10.0,75.0,6.0,481.0,87.0,303.0,41.810879571562666,-87.7263628391597
ARMOUR SQUARE,2014,6.0,97.0,58.0,620.0,85.0,302.0,41.84207748674286,-87.63397369753214
ARMOUR SQUARE,2015,4.0,90.0,45.0,478.0,63.0,359.0,41.84207748674286,-87.63397369753214
ARMOUR SQUARE,2016,4.0,114.0,16.0,409.0,49.0,375.0,41.84207748674286,-87.63397369753214
ARMOUR SQUARE,2017,3.0,61.0,9.0,454.0,84.0,366.0,41.84207748674286,-87.63397369753214
ARMOUR SQUARE,2018,5.0,85.0,14.0,492.0,43.0,328.0,41.84207748674286,-87.63397369753214
ARMOUR SQUARE,2019,5.0,86.0,19.0,483.0,57.0,336.0,41.84207748674286,-87.63397369753214
ARMOUR SQUARE,2020,0.0,77.0,12.0,359.0,56.0,302.0,41.84207748674286,-87.63397369753214
ARMOUR SQUARE,2021,2.0,57.0,3.0,417.0,50.0,345.0,41.84207748674286,-87.63397369753214
ARMOUR SQUARE,2022,6.0,70.0,12.0,517.0,85.0,411.0,41.84207748674286,-87.63397369753214
ARMOUR SQUARE,2023,2.0,65.0,12.0,616.0,54.0,365.0,41.84207748674286,-87.63397369753214
ASHBURN,2014,28.0,189.0,155.0,1266.0,95.0,608.0,41.74575691418482,-87.70836548832601
ASHBURN,2015,24.0,136.0,118.0,1028.0,97.0,649.0,41.74575691418482,-87.70836548832601
ASHBURN,2016,18.0,156.0,45.0,1425.0,80.0,774.0,41.74575691418482,-87.70836548832601
ASHBURN,2017,26.0,173.0,28.0,1200.0,99.0,730.0,41.74575691418482,-87.70836548832601
ASHBURN,2018,31.0,175.0,37.0,1025.0,114.0,771.0,41.74575691418482,-87.70836548832601
ASHBURN,2019,28.0,208.0,34.0,991.0,124.0,718.0,41.74575691418482,-87.70836548832601
ASHBURN,2020,32.0,226.0,21.0,718.0,127.0,582.0,41.74575691418482,-87.70836548832601
ASHBURN,2021,21.0,232.0,8.0,670.0,93.0,542.0,41.74575691418482,-87.70836548832601
ASHBURN,2022,21.0,185.0,8.0,870.0,79.0,618.0,41.74575691418482,-87.70836548832601
ASHBURN,2023,23.0,196.0,8.0,1132.0,142.0,679.0,41.74575691418482,-87.70836548832601
AUBURN GRESHAM,2014,75.0,394.0,762.0,3195.0,504.0,2844.0,41.74420543691773,-87.65630678738879
AUBURN GRESHAM,2015,58.0,361.0,645.0,3026.0,539.0,2778.0,41.74420543691773,-87.65630678738879
AUBURN GRESHAM,2016,96.0,390.0,308.0,3079.0,425.0,2861.0,41.74420543691773,-87.65630678738879
AUBURN GRESHAM,2017,79.0,322.0,347.0,2864.0,623.0,2852.0,41.74420543691773,-87.65630678738879
AUBURN GRESHAM,2018,75.0,376.0,400.0,2713.0,638.0,2763.0,41.74420543691773,-87.65630678738879
AUBURN GRESHAM,2019,91.0,397.0,413.0,2736.0,704.0,2855.0,41.74420543691773,-87.65630678738879
AUBURN GRESHAM,2020,52.0,363.0,154.0,2362.0,600.0,2310.0,41.74420543691773,-87.65630678738879
AUBURN GRESHAM,2021,56.0,356.0,89.0,2309.0,517.0,2290.0,41.74420543691773,-87.65630678738879
AUBURN GRESHAM,2022,63.0,310.0,41.0,2765.0,468.0,2294.0,41.74420543691773,-87.65630678738879
AUBURN GRESHAM,2023,71.0,278.0,95.0,3035.0,488.0,2418.0,41.74420543691773,-87.65630678738879
AUSTIN,2014,137.0,667.0,4075.0,5066.0,1661.0,5642.0,41.894101296113426,-87.76311182422583
AUSTIN,2015,134.0,682.0,3115.0,4761.0,1307.0,5541.0,41.894101296113426,-87.76311182422583
AUSTIN,2016,151.0,689.0,1859.0,5356.0,1242.0,5908.0,41.894101296113426,-87.76311182422583
AUSTIN,2017,117.0,753.0,1451.0,4985.0,1130.0,5503.0,41.894101296113426,-87.76311182422583
AUSTIN,2018,142.0,667.0,1340.0,4811.0,1199.0,5495.0,41.894101296113426,-87.76311182422583
AUSTIN,2019,129.0,703.0,1256.0,4847.0,1124.0,5514.0,41.894101296113426,-87.76311182422583
AUSTIN,2020,98.0,720.0,596.0,4135.0,966.0,5143.0,41.894101296113426,-87.76311182422583
AUSTIN,2021,100.0,693.0,370.0,3860.0,885.0,4476.0,41.894101296113426,-87.76311182422583
AUSTIN,2022,110.0,601.0,475.0,4862.0,878.0,4215.0,41.894101296113426,-87.76311182422583
AUSTIN,2023,88.0,569.0,459.0,4875.0,933.0,4610.0,41.894101296113426,-87.76311182422583
AVALON PARK,2014,12.0,69.0,104.0,588.0,64.0,441.0,41.74419967938302,-87.5863488344573
AVALON PARK,2015,12.0,60.0,82.0,508.0,67.0,417.0,41.74419967938302,-87.5863488344573
AVALON PARK,2016,11.0,80.0,43.0,475.0,70.0,410.0,41.74419967938302,-87.5863488344573
AVALON PARK,2017,11.0,75.0,16.0,511.0,58.0,421.0,41.74419967938302,-87.5863488344573
AVALON PARK,2018,11.0,56.0,22.0,443.0,70.0,370.0,41.74419967938302,-87.5863488344573
AVALON PARK,2019,17.0,78.0,68.0,420.0,112.0,364.0,41.74419967938302,-87.5863488344573
AVALON PARK,2020,8.0,86.0,35.0,443.0,112.0,364.0,41.74419967938302,-87.5863488344573
AVALON PARK,2021,14.0,72.0,11.0,361.0,107.0,405.0,41.74419967938302,-87.5863488344573
AVALON PARK,2022,12.0,75.0,10.0,525.0,71.0,325.0,41.74419967938302,-87.5863488344573
AVALON PARK,2023,7.0,58.0,5.0,542.0,64.0,351.0,41.74419967938302,-87.5863488344573
AVONDALE,2014,33.0,127.0,76.0,1211.0,94.0,578.0,41.93866588769793,-87.7112106378686
AVONDALE,2015,19.0,127.0,89.0,1131.0,57.0,595.0,41.93866588769793,-87.7112106378686
AVONDALE,2016,15.0,156.0,28.0,1185.0,77.0,595.0,41.93866588769793,-87.7112106378686
AVONDALE,2017,23.0,185.0,21.0,1196.0,56.0,600.0,41.93866588769793,-87.7112106378686
AVONDALE,2018,14.0,158.0,20.0,1181.0,79.0,654.0,41.93866588769793,-87.7112106378686
AVONDALE,2019,15.0,163.0,38.0,1049.0,113.0,539.0,41.93866588769793,-87.7112106378686
AVONDALE,2020,12.0,138.0,33.0,849.0,73.0,501.0,41.93866588769793,-87.7112106378686
AVONDALE,2021,15.0,135.0,12.0,705.0,62.0,480.0,41.93866588769793,-87.7112106378686
AVONDALE,2022,12.0,129.0,20.0,963.0,75.0,569.0,41.93866588769793,-87.7112106378686
AVONDALE,2023,7.0,138.0,20.0,1176.0,79.0,584.0,41.93866588769793,-87.7112106378686
BELMONT CRAGIN,2014,75.0,247.0,370.0,2207.0,306.0,1484.0,41.927260741518765,-87.76550183689807
BELMONT CRAGIN,2015,66.0,214.0,359.0,1976.0,280.0,1558.0,41.927260741518765,-87.76550183689807
BELMONT CRAGIN,2016,69.0,293.0,142.0,2192.0,212.0,1534.0,41.927260741518765,-87.76550183689807
BELMONT CRAGIN,2017,52.0,316.0,120.0,2175.0,211.0,1406.0,41.927260741518765,-87.76550183689807
BELMONT CRAGIN,2018,64.0,267.0,150.0,1875.0,216.0,1437.0,41.927260741518765,-87.76550183689807
BELMONT CRAGIN,2019,59.0,245.0,193.0,1823.0,247.0,1464.0,41.927260741518765,-87.76550183689807
BELMONT CRAGIN,2020,41.0,319.0,166.0,1418.0,247.0,1291.0,41.927260741518765,-87.76550183689807
BELMONT CRAGIN,2021,53.0,306.0,85.0,1430.0,267.0,1213.0,41.927260741518765,-87.76550183689807
BELMONT CRAGIN,2022,47.0,304.0,67.0,1776.0,269.0,1286.0,41.927260741518765,-87.76550183689807
BELMONT CRAGIN,2023,44.0,399.0,68.0,2117.0,248.0,1582.0,41.927260741518765,-87.76550183689807
BEVERLY,2014,12.0,86.0,27.0,450.0,41.0,188.0,41.71314972583588,-87.67507504919683
BEVERLY,2015,13.0,93.0,15.0,541.0,52.0,181.0,41.71314972583588,-87.67507504919683
BEVERLY,2016,13.0,100.0,16.0,513.0,46.0,180.0,41.71314972583588,-87.67507504919683
BEVERLY,2017,12.0,84.0,6.0,482.0,38.0,176.0,41.71314972583588,-87.67507504919683
BEVERLY,2018,11.0,93.0,10.0,469.0,60.0,187.0,41.71314972583588,-87.67507504919683
BEVERLY,2019,7.0,136.0,13.0,444.0,59.0,183.0,41.71314972583588,-87.67507504919683
BEVERLY,2020,9.0,178.0,10.0,337.0,45.0,164.0,41.71314972583588,-87.67507504919683
BEVERLY,2021,12.0,141.0,8.0,303.0,39.0,199.0,41.71314972583588,-87.67507504919683
BEVERLY,2022,10.0,92.0,2.0,448.0,42.0,202.0,41.71314972583588,-87.67507504919683
BEVERLY,2023,14.0,104.0,9.0,506.0,40.0,228.0,41.71314972583588,-87.67507504919683
BRIDGEPORT,2014,17.0,84.0,68.0,963.0,83.0,453.0,41.836150660976514,-87.64878824824524
BRIDGEPORT,2015,11.0,79.0,48.0,852.0,61.0,431.0,41.836150660976514,-87.64878824824524
BRIDGEPORT,2016,4.0,131.0,48.0,834.0,82.0,461.0,41.836150660976514,-87.64878824824524
BRIDGEPORT,2017,10.0,94.0,34.0,770.0,52.0,387.0,41.836150660976514,-87.64878824824524
BRIDGEPORT,2018,7.0,142.0,30.0,717.0,75.0,404.0,41.836150660976514,-87.64878824824524
BRIDGEPORT,2019,13.0,130.0,42.0,682.0,83.0,392.0,41.836150660976514,-87.64878824824524
BRIDGEPORT,2020,8.0,177.0,19.0,543.0,80.0,355.0,41.836150660976514,-87.64878824824524
BRIDGEPORT,2021,9.0,139.0,21.0,534.0,64.0,389.0,41.836150660976514,-87.64878824824524
BRIDGEPORT,2022,9.0,135.0,8.0,801.0,86.0,397.0,41.836150660976514,-87.64878824824524
BRIDGEPORT,2023,7.0,114.0,15.0,825.0,69.0,469.0,41.836150660976514,-87.64878824824524
BRIGHTON PARK,2014,29.0,113.0,330.0,1308.0,165.0,819.0,41.81736679935858,-87.69886064412809
BRIGHTON PARK,2015,37.0,104.0,308.0,1104.0,187.0,840.0,41.81736679935858,-87.69886064412809
BRIGHTON PARK,2016,28.0,124.0,159.0,1100.0,136.0,933.0,41.81736679935858,-87.69886064412809
BRIGHTON PARK,2017,20.0,97.0,99.0,886.0,126.0,848.0,41.81736679935858,-87.69886064412809
BRIGHTON PARK,2018,28.0,109.0,82.0,935.0,125.0,787.0,41.81736679935858,-87.69886064412809
BRIGHTON PARK,2019,47.0,136.0,87.0,947.0,155.0,743.0,41.81736679935858,-87.69886064412809
BRIGHTON PARK,2020,27.0,130.0,36.0,704.0,143.0,626.0,41.81736679935858,-87.69886064412809
BRIGHTON PARK,2021,30.0,118.0,17.0,681.0,103.0,710.0,41.81736679935858,-87.69886064412809
BRIGHTON PARK,2022,34.0,112.0,13.0,863.0,108.0,861.0,41.81736679935858,-87.69886064412809
BRIGHTON PARK,2023,24.0,139.0,11.0,972.0,153.0,908.0,41.81736679935858,-87.69886064412809
BURNSIDE,2014,3.0,15.0,57.0,177.0,24.0,144.0,41.72818223370131,-87.59647566792844
BURNSIDE,2015,4.0,21.0,21.0,155.0,24.0,144.0,41.72818223370131,-87.59647566792844
BURNSIDE,2016,4.0,21.0,13.0,190.0,18.0,148.0,41.72818223370131,-87.59647566792844
BURNSIDE,2017,3.0,15.0,18.0,157.0,34.0,136.0,41.72818223370131,-87.59647566792844
BURNSIDE,2018,3.0,16.0,29.0,155.0,38.0,143.0,41.72818223370131,-87.59647566792844
BURNSIDE,2019,5.0,13.0,26.0,140.0,46.0,137.0,41.72818223370131,-87.59647566792844
BURNSIDE,2020,2.0,23.0,9.0,155.0,29.0,121.0,41.72818223370131,-87.59647566792844
BURNSIDE,2021,3.0,30.0,1.0,127.0,22.0,145.0,41.72818223370131,-87.59647566792844
BURNSIDE,2022,3.0,16.0,1.0,195.0,28.0,114.0,41.72818223370131,-87.59647566792844
BURNSIDE,2023,5.0,23.0,2.0,156.0,33.0,105.0,41.72818223370131,-87.59647566792844
CALUMET HEIGHTS,2014,16.0,85.0,103.0,798.0,96.0,500.0,41.729676127015345,-87.57271771089653
CALUMET HEIGHTS,2015,14.0,86.0,76.0,687.0,79.0,512.0,41.729676127015345,-87.57271771089653
CALUMET HEIGHTS,2016,20.0,126.0,40.0,675.0,58.0,512.0,41.729676127015345,-87.57271771089653
CALUMET HEIGHTS,2017,8.0,82.0,31.0,661.0,74.0,479.0,41.729676127015345,-87.57271771089653
CALUMET HEIGHTS,2018,14.0,100.0,41.0,552.0,104.0,549.0,41.729676127015345,-87.57271771089653
CALUMET HEIGHTS,2019,13.0,110.0,93.0,582.0,136.0,493.0,41.729676127015345,-87.57271771089653
CALUMET HEIGHTS,2020,11.0,128.0,26.0,533.0,104.0,429.0,41.729676127015345,-87.57271771089653
CALUMET HEIGHTS,2021,9.0,110.0,11.0,493.0,126.0,520.0,41.729676127015345,-87.57271771089653
CALUMET HEIGHTS,2022,16.0,80.0,8.0,669.0,97.0,441.0,41.729676127015345,-87.57271771089653
CALUMET HEIGHTS,2023,8.0,76.0,6.0,835.0,98.0,547.0,41.729676127015345,-87.57271771089653
CHATHAM,2014,43.0,316.0,484.0,2410.0,334.0,1854.0,41.74020600057612,-87.61596996011724
CHATHAM,2015,41.0,280.0,346.0,2179.0,309.0,1986.0,41.74020600057612,-87.61596996011724
CHATHAM,2016,54.0,326.0,229.0,2482.0,228.0,2124.0,41.74020600057612,-87.61596996011724
CHATHAM,2017,60.0,316.0,160.0,2500.0,361.0,2147.0,41.74020600057612,-87.61596996011724
CHATHAM,2018,49.0,318.0,242.0,2519.0,369.0,2150.0,41.74020600057612,-87.61596996011724
CHATHAM,2019,55.0,311.0,271.0,2480.0,455.0,2329.0,41.74020600057612,-87.61596996011724
CHATHAM,2020,62.0,315.0,131.0,1994.0,416.0,1984.0,41.74020600057612,-87.61596996011724
CHATHAM,2021,59.0,261.0,47.0,2001.0,350.0,1990.0,41.74020600057612,-87.61596996011724
CHATHAM,2022,49.0,244.0,25.0,2741.0,341.0,2023.0,41.74020600057612,-87.61596996011724
CHATHAM,2023,46.0,212.0,64.0,2811.0,435.0,2107.0,41.74020600057612,-87.61596996011724
CHICAGO LAWN,2014,59.0,284.0,650.0,2524.0,482.0,1976.0,41.77184915902873,-87.69566636418595
CHICAGO LAWN,2015,59.0,260.0,563.0,2250.0,387.0,1962.0,41.77184915902873,-87.69566636418595
CHICAGO LAWN,2016,65.0,263.0,238.0,2461.0,277.0,2084.0,41.77184915902873,-87.69566636418595
CHICAGO LAWN,2017,55.0,271.0,223.0,2330.0,328.0,2036.0,41.77184915902873,-87.69566636418595
CHICAGO LAWN,2018,66.0,266.0,232.0,2241.0,270.0,2158.0,41.77184915902873,-87.69566636418595
CHICAGO LAWN,2019,66.0,244.0,260.0,2055.0,351.0,2117.0,41.77184915902873,-87.69566636418595
CHICAGO LAWN,2020,53.0,258.0,128.0,1859.0,403.0,1806.0,41.77184915902873,-87.69566636418595
CHICAGO LAWN,2021,53.0,258.0,95.0,1652.0,326.0,1785.0,41.77184915902873,-87.69566636418595
CHICAGO LAWN,2022,41.0,226.0,82.0,2001.0,332.0,1757.0,41.77184915902873,-87.69566636418595
CHICAGO LAWN,2023,49.0,300.0,125.0,2208.0,313.0,1854.0,41.77184915902873,-87.69566636418595
CLEARING,2014,20.0,85.0,49.0,501.0,39.0,231.0,41.77958149035263,-87.7685110312481
CLEARING,2015,22.0,70.0,38.0,462.0,31.0,249.0,41.77958149035263,-87.7685110312481
CLEARING,2016,14.0,101.0,20.0,477.0,41.0,243.0,41.77958149035263,-87.7685110312481
CLEARING,2017,12.0,66.0,25.0,494.0,24.0,235.0,41.77958149035263,-87.7685110312481
CLEARING,2018,7.0,93.0,17.0,500.0,30.0,255.0,41.77958149035263,-87.7685110312481
CLEARING,2019,20.0,93.0,22.0,394.0,49.0,258.0,41.77958149035263,-87.7685110312481
CLEARING,2020,14.0,130.0,9.0,328.0,38.0,259.0,41.77958149035263,-87.7685110312481
CLEARING,2021,16.0,144.0,5.0,322.0,39.0,278.0,41.77958149035263,-87.7685110312481
CLEARING,2022,11.0,110.0,3.0,465.0,33.0,272.0,41.77958149035263,-87.7685110312481
CLEARING,2023,11.0,132.0,6.0,645.0,56.0,291.0,41.77958149035263,-87.7685110312481
DOUGLAS,2014,15.0,174.0,169.0,936.0,228.0,887.0,41.835118342623176,-87.61867772050564
DOUGLAS,2015,15.0,194.0,102.0,1074.0,161.0,797.0,41.835118342623176,-87.61867772050564
DOUGLAS,2016,13.0,190.0,78.0,1142.0,148.0,887.0,41.835118342623176,-87.61867772050564
DOUGLAS,2017,17.0,192.0,52.0,1132.0,162.0,947.0,41.835118342623176,-87.61867772050564
DOUGLAS,2018,17.0,182.0,44.0,1134.0,149.0,966.0,41.835118342623176,-87.61867772050564
DOUGLAS,2019,18.0,186.0,78.0,1115.0,159.0,947.0,41.835118342623176,-87.61867772050564
DOUGLAS,2020,11.0,191.0,53.0,822.0,151.0,795.0,41.835118342623176,-87.61867772050564
DOUGLAS,2021,16.0,171.0,27.0,898.0,127.0,830.0,41.835118342623176,-87.61867772050564
DOUGLAS,2022,20.0,139.0,35.0,1431.0,156.0,837.0,41.835118342623176,-87.61867772050564
DOUGLAS,2023,22.0,136.0,36.0,1707.0,169.0,904.0,41.835118342623176,-87.61867772050564
DUNNING,2014,21.0,98.0,86.0,679.0,64.0,392.0,41.946510663174045,-87.80601984481358
DUNNING,2015,13.0,109.0,67.0,740.0,65.0,405.0,41.946510663174045,-87.80601984481358
DUNNING,2016,19.0,133.0,34.0,809.0,73.0,454.0,41.946510663174045,-87.80601984481358
DUNNING,2017,14.0,127.0,18.0,664.0,60.0,407.0,41.946510663174045,-87.80601984481358
DUNNING,2018,14.0,117.0,16.0,688.0,44.0,420.0,41.946510663174045,-87.80601984481358
DUNNING,2019,12.0,117.0,16.0,523.0,51.0,404.0,41.946510663174045,-87.80601984481358
DUNNING,2020,14.0,231.0,14.0,528.0,46.0,334.0,41.946510663174045,-87.80601984481358
DUNNING,2021,12.0,207.0,11.0,593.0,47.0,428.0,41.946510663174045,-87.80601984481358
DUNNING,2022,12.0,282.0,12.0,591.0,53.0,402.0,41.946510663174045,-87.80601984481358
DUNNING,2023,11.0,194.0,27.0,809.0,51.0,415.0,41.946510663174045,-87.80601984481358
EAST GARFIELD PARK,2014,34.0,162.0,1626.0,1471.0,369.0,1877.0,41.87891463058505,-87.70589720722788
EAST GARFIELD PARK,2015,34.0,124.0,1378.0,1356.0,363.0,1778.0,41.87891463058505,-87.70589720722788
EAST GARFIELD PARK,2016,37.0,145.0,756.0,1518.0,352.0,1965.0,41.87891463058505,-87.70589720722788
EAST GARFIELD PARK,2017,42.0,143.0,644.0,1372.0,418.0,1858.0,41.87891463058505,-87.70589720722788
EAST GARFIELD PARK,2018,38.0,128.0,595.0,1544.0,389.0,2001.0,41.87891463058505,-87.70589720722788
EAST GARFIELD PARK,2019,30.0,167.0,670.0,1434.0,380.0,1762.0,41.87891463058505,-87.70589720722788
EAST GARFIELD PARK,2020,27.0,139.0,436.0,1224.0,323.0,1451.0,41.87891463058505,-87.70589720722788
EAST GARFIELD PARK,2021,20.0,152.0,240.0,1222.0,315.0,1485.0,41.87891463058505,-87.70589720722788
EAST GARFIELD PARK,2022,25.0,111.0,184.0,1589.0,284.0,1403.0,41.87891463058505,-87.70589720722788
EAST GARFIELD PARK,2023,33.0,137.0,241.0,1734.0,266.0,1688.0,41.87891463058505,-87.70589720722788
EAST SIDE,2014,19.0,53.0,150.0,590.0,77.0,372.0,41.707313961745264,-87.53490233790232
EAST SIDE,2015,23.0,52.0,115.0,506.0,86.0,423.0,41.707313961745264,-87.53490233790232
EAST SIDE,2016,29.0,73.0,45.0,558.0,66.0,440.0,41.707313961745264,-87.53490233790232
EAST SIDE,2017,18.0,57.0,37.0,513.0,72.0,395.0,41.707313961745264,-87.53490233790232
EAST SIDE,2018,15.0,34.0,39.0,403.0,78.0,418.0,41.707313961745264,-87.53490233790232
EAST SIDE,2019,18.0,33.0,49.0,337.0,85.0,354.0,41.707313961745264,-87.53490233790232
EAST SIDE,2020,6.0,70.0,14.0,353.0,89.0,337.0,41.707313961745264,-87.53490233790232
EAST SIDE,2021,11.0,73.0,5.0,376.0,74.0,363.0,41.707313961745264,-87.53490233790232
EAST SIDE,2022,12.0,51.0,6.0,472.0,77.0,417.0,41.707313961745264,-87.53490233790232
EAST SIDE,2023,13.0,47.0,15.0,632.0,104.0,480.0,41.707313961745264,-87.53490233790232
EDGEWATER,2014,16.0,198.0,105.0,1099.0,91.0,596.0,41.98671222550283,-87.6634166067842
EDGEWATER,2015,10.0,172.0,49.0,1093.0,120.0,596.0,41.98671222550283,-87.6634166067842
EDGEWATER,2016,15.0,265.0,44.0,1140.0,93.0,653.0,41.98671222550283,-87.6634166067842
EDGEWATER,2017,13.0,283.0,32.0,1297.0,124.0,686.0,41.98671222550283,-87.6634166067842
EDGEWATER,2018,11.0,274.0,17.0,1353.0,138.0,766.0,41.98671222550283,-87.6634166067842
EDGEWATER,2019,15.0,290.0,23.0,1184.0,102.0,682.0,41.98671222550283,-87.6634166067842
EDGEWATER,2020,9.0,292.0,12.0,1073.0,60.0,662.0,41.98671222550283,-87.6634166067842
EDGEWATER,2021,4.0,270.0,11.0,1119.0,68.0,783.0,41.98671222550283,-87.6634166067842
EDGEWATER,2022,9.0,235.0,13.0,1469.0,85.0,869.0,41.98671222550283,-87.6634166067842
EDGEWATER,2023,4.0,276.0,20.0,1825.0,119.0,851.0,41.98671222550283,-87.6634166067842
EDISON PARK,2014,1.0,26.0,4.0,112.0,16.0,44.0,42.00761315249504,-87.81378102747257
EDISON PARK,2015,6.0,37.0,5.0,97.0,8.0,62.0,42.00761315249504,-87.81378102747257
EDISON PARK,2016,2.0,40.0,2.0,134.0,9.0,74.0,42.00761315249504,-87.81378102747257
EDISON PARK,2017,1.0,28.0,2.0,109.0,15.0,68.0,42.00761315249504,-87.81378102747257
EDISON PARK,2018,1.0,27.0,1.0,96.0,13.0,77.0,42.00761315249504,-87.81378102747257
EDISON PARK,2019,3.0,42.0,0.0,98.0,17.0,67.0,42.00761315249504,-87.81378102747257
EDISON PARK,2020,3.0,82.0,1.0,86.0,11.0,39.0,42.00761315249504,-87.81378102747257
EDISON PARK,2021,2.0,53.0,0.0,77.0,6.0,60.0,42.00761315249504,-87.81378102747257
EDISON PARK,2022,7.0,57.0,1.0,104.0,14.0,73.0,42.00761315249504,-87.81378102747257
EDISON PARK,2023,3.0,50.0,1.0,95.0,12.0,59.0,42.00761315249504,-87.81378102747257
ENGLEWOOD,2014,55.0,289.0,795.0,2339.0,586.0,2770.0,41.77719770252813,-87.64249719974059
ENGLEWOOD,2015,52.0,235.0,694.0,2239.0,645.0,2575.0,41.77719770252813,-87.64249719974059
ENGLEWOOD,2016,49.0,235.0,479.0,2008.0,461.0,2610.0,41.77719770252813,-87.64249719974059
ENGLEWOOD,2017,60.0,199.0,312.0,1952.0,580.0,2429.0,41.77719770252813,-87.64249719974059
ENGLEWOOD,2018,64.0,208.0,415.0,2028.0,578.0,2489.0,41.77719770252813,-87.64249719974059
ENGLEWOOD,2019,78.0,208.0,419.0,1941.0,554.0,2510.0,41.77719770252813,-87.64249719974059
ENGLEWOOD,2020,42.0,195.0,225.0,1655.0,612.0,2178.0,41.77719770252813,-87.64249719974059
ENGLEWOOD,2021,44.0,207.0,101.0,1491.0,463.0,2053.0,41.77719770252813,-87.64249719974059
ENGLEWOOD,2022,56.0,175.0,59.0,1798.0,399.0,2011.0,41.77719770252813,-87.64249719974059
ENGLEWOOD,2023,43.0,177.0,125.0,2007.0,414.0,2029.0,41.77719770252813,-87.64249719974059
FOREST GLEN,2014,1.0,59.0,8.0,268.0,13.0,69.0,41.993930654079236,-87.75835628921867
FOREST GLEN,2015,3.0,44.0,9.0,241.0,22.0,85.0,41.993930654079236,-87.75835628921867
FOREST GLEN,2016,2.0,61.0,9.0,324.0,25.0,93.0,41.993930654079236,-87.75835628921867
FOREST GLEN,2017,2.0,70.0,6.0,282.0,31.0,97.0,41.993930654079236,-87.75835628921867
FOREST GLEN,2018,2.0,62.0,2.0,271.0,25.0,78.0,41.993930654079236,-87.75835628921867
FOREST GLEN,2019,2.0,71.0,4.0,216.0,24.0,95.0,41.993930654079236,-87.75835628921867
FOREST GLEN,2020,1.0,140.0,0.0,224.0,27.0,102.0,41.993930654079236,-87.75835628921867
FOREST GLEN,2021,2.0,104.0,3.0,179.0,21.0,92.0,41.993930654079236,-87.75835628921867
FOREST GLEN,2022,7.0,167.0,6.0,263.0,30.0,89.0,41.993930654079236,-87.75835628921867
FOREST GLEN,2023,5.0,67.0,3.0,280.0,28.0,90.0,41.993930654079236,-87.75835628921867
FULLER PARK,2014,24.0,42.0,100.0,305.0,63.0,250.0,41.8090854843581,-87.63242456957649
FULLER PARK,2015,9.0,33.0,61.0,293.0,54.0,254.0,41.8090854843581,-87.63242456957649
FULLER PARK,2016,14.0,38.0,32.0,362.0,50.0,309.0,41.8090854843581,-87.63242456957649
FULLER PARK,2017,10.0,32.0,29.0,340.0,50.0,280.0,41.8090854843581,-87.63242456957649
FULLER PARK,2018,2.0,35.0,25.0,284.0,58.0,262.0,41.8090854843581,-87.63242456957649
FULLER PARK,2019,9.0,37.0,66.0,293.0,79.0,245.0,41.8090854843581,-87.63242456957649
FULLER PARK,2020,3.0,43.0,22.0,214.0,71.0,233.0,41.8090854843581,-87.63242456957649
FULLER PARK,2021,3.0,28.0,12.0,182.0,33.0,205.0,41.8090854843581,-87.63242456957649
FULLER PARK,2022,6.0,17.0,13.0,246.0,66.0,189.0,41.8090854843581,-87.63242456957649
FULLER PARK,2023,4.0,40.0,13.0,274.0,72.0,242.0,41.8090854843581,-87.63242456957649
GAGE PARK,2014,30.0,125.0,259.0,1193.0,157.0,695.0,41.795430626062874,-87.69643520920069
GAGE PARK,2015,29.0,88.0,191.0,992.0,119.0,763.0,41.795430626062874,-87.69643520920069
GAGE PARK,2016,42.0,106.0,105.0,1063.0,81.0,797.0,41.795430626062874,-87.69643520920069
GAGE PARK,2017,22.0,104.0,75.0,1011.0,101.0,788.0,41.795430626062874,-87.69643520920069
GAGE PARK,2018,24.0,105.0,88.0,883.0,126.0,667.0,41.795430626062874,-87.69643520920069
GAGE PARK,2019,38.0,91.0,75.0,860.0,192.0,729.0,41.795430626062874,-87.69643520920069
GAGE PARK,2020,26.0,79.0,47.0,632.0,161.0,621.0,41.795430626062874,-87.69643520920069
GAGE PARK,2021,27.0,115.0,16.0,637.0,123.0,591.0,41.795430626062874,-87.69643520920069
GAGE PARK,2022,25.0,99.0,20.0,829.0,109.0,698.0,41.795430626062874,-87.69643520920069
GAGE PARK,2023,23.0,122.0,25.0,1010.0,174.0,826.0,41.795430626062874,-87.69643520920069
GARFIELD RIDGE,2014,28.0,134.0,176.0,897.0,171.0,383.0,41.796185611808966,-87.76423968103695
GARFIELD RIDGE,2015,12.0,144.0,101.0,870.0,108.0,401.0,41.796185611808966,-87.76423968103695
GARFIELD RIDGE,2016,21.0,227.0,58.0,1072.0,101.0,461.0,41.796185611808966,-87.76423968103695
GARFIELD RIDGE,2017,18.0,211.0,58.0,880.0,106.0,470.0,41.796185611808966,-87.76423968103695
GARFIELD RIDGE,2018,17.0,201.0,69.0,994.0,187.0,418.0,41.796185611808966,-87.76423968103695
GARFIELD RIDGE,2019,20.0,188.0,77.0,919.0,137.0,392.0,41.796185611808966,-87.76423968103695
GARFIELD RIDGE,2020,9.0,247.0,28.0,618.0,98.0,406.0,41.796185611808966,-87.76423968103695
GARFIELD RIDGE,2021,17.0,220.0,24.0,632.0,100.0,409.0,41.796185611808966,-87.76423968103695
GARFIELD RIDGE,2022,11.0,276.0,11.0,866.0,176.0,441.0,41.796185611808966,-87.76423968103695
GARFIELD RIDGE,2023,9.0,273.0,17.0,1063.0,220.0,523.0,41.796185611808966,-87.76423968103695
GRAND BOULEVARD,2014,32.0,159.0,349.0,1302.0,186.0,1174.0,41.81294935894828,-87.6178596907689
GRAND BOULEVARD,2015,17.0,138.0,137.0,1243.0,132.0,1050.0,41.81294935894828,-87.6178596907689
GRAND BOULEVARD,2016,34.0,172.0,90.0,1349.0,133.0,1122.0,41.81294935894828,-87.6178596907689
GRAND BOULEVARD,2017,24.0,178.0,123.0,1266.0,198.0,1213.0,41.81294935894828,-87.6178596907689
GRAND BOULEVARD,2018,31.0,194.0,111.0,1155.0,156.0,1198.0,41.81294935894828,-87.6178596907689
GRAND BOULEVARD,2019,25.0,179.0,202.0,1183.0,189.0,1150.0,41.81294935894828,-87.6178596907689
GRAND BOULEVARD,2020,21.0,194.0,60.0,1114.0,194.0,993.0,41.81294935894828,-87.6178596907689
GRAND BOULEVARD,2021,24.0,167.0,32.0,1001.0,191.0,997.0,41.81294935894828,-87.6178596907689
GRAND BOULEVARD,2022,16.0,161.0,41.0,1573.0,221.0,1003.0,41.81294935894828,-87.6178596907689
GRAND BOULEVARD,2023,27.0,156.0,35.0,1840.0,216.0,1203.0,41.81294935894828,-87.6178596907689
GREATER GRAND CROSSING,2014,57.0,371.0,600.0,2289.0,464.0,2320.0,41.763247073626026,-87.61613416907454
GREATER GRAND CROSSING,2015,50.0,290.0,425.0,2419.0,410.0,2429.0,41.763247073626026,-87.61613416907454
GREATER GRAND CROSSING,2016,91.0,286.0,263.0,2378.0,384.0,2563.0,41.763247073626026,-87.61613416907454
GREATER GRAND CROSSING,2017,62.0,249.0,238.0,2280.0,409.0,2587.0,41.763247073626026,-87.61613416907454
GREATER GRAND CROSSING,2018,98.0,264.0,324.0,2196.0,507.0,2390.0,41.763247073626026,-87.61613416907454
GREATER GRAND CROSSING,2019,100.0,264.0,384.0,2297.0,557.0,2626.0,41.763247073626026,-87.61613416907454
GREATER GRAND CROSSING,2020,82.0,269.0,181.0,2091.0,597.0,2194.0,41.763247073626026,-87.61613416907454
GREATER GRAND CROSSING,2021,69.0,229.0,79.0,1996.0,495.0,2248.0,41.763247073626026,-87.61613416907454
GREATER GRAND CROSSING,2022,63.0,238.0,61.0,2465.0,483.0,2102.0,41.763247073626026,-87.61613416907454
GREATER GRAND CROSSING,2023,55.0,247.0,93.0,2903.0,519.0,2377.0,41.763247073626026,-87.61613416907454
HEGEWISCH,2014,5.0,44.0,32.0,271.0,38.0,178.0,41.66053490476759,-87.54657542639667
HEGEWISCH,2015,7.0,45.0,19.0,200.0,23.0,163.0,41.66053490476759,-87.54657542639667
HEGEWISCH,2016,6.0,47.0,9.0,249.0,20.0,211.0,41.66053490476759,-87.54657542639667
HEGEWISCH,2017,17.0,40.0,5.0,310.0,27.0,213.0,41.66053490476759,-87.54657542639667
HEGEWISCH,2018,8.0,35.0,12.0,268.0,35.0,205.0,41.66053490476759,-87.54657542639667
HEGEWISCH,2019,7.0,21.0,4.0,211.0,25.0,174.0,41.66053490476759,-87.54657542639667
HEGEWISCH,2020,17.0,42.0,3.0,204.0,26.0,160.0,41.66053490476759,-87.54657542639667
HEGEWISCH,2021,9.0,54.0,1.0,241.0,26.0,212.0,41.66053490476759,-87.54657542639667
HEGEWISCH,2022,8.0,48.0,2.0,267.0,21.0,198.0,41.66053490476759,-87.54657542639667
HEGEWISCH,2023,9.0,61.0,8.0,334.0,41.0,225.0,41.66053490476759,-87.54657542639667
HERMOSA,2014,30.0,60.0,148.0,613.0,83.0,460.0,41.92434775700643,-87.73474016018459
HERMOSA,2015,16.0,71.0,95.0,657.0,75.0,448.0,41.92434775700643,-87.73474016018459
HERMOSA,2016,14.0,71.0,55.0,627.0,55.0,409.0,41.92434775700643,-87.73474016018459
HERMOSA,2017,23.0,69.0,26.0,593.0,60.0,405.0,41.92434775700643,-87.73474016018459
HERMOSA,2018,21.0,71.0,46.0,483.0,66.0,402.0,41.92434775700643,-87.73474016018459
HERMOSA,2019,19.0,76.0,51.0,423.0,66.0,371.0,41.92434775700643,-87.73474016018459
HERMOSA,2020,18.0,74.0,38.0,391.0,71.0,339.0,41.92434775700643,-87.73474016018459
HERMOSA,2021,21.0,96.0,27.0,381.0,68.0,362.0,41.92434775700643,-87.73474016018459
HERMOSA,2022,23.0,82.0,22.0,448.0,76.0,354.0,41.92434775700643,-87.73474016018459
HERMOSA,2023,18.0,90.0,12.0,588.0,97.0,509.0,41.92434775700643,-87.73474016018459
HUMBOLDT PARK,2014,94.0,272.0,2526.0,2461.0,606.0,2642.0,41.90006984503975,-87.72091881010347
HUMBOLDT PARK,2015,74.0,244.0,1537.0,2426.0,509.0,2673.0,41.90006984503975,-87.72091881010347
HUMBOLDT PARK,2016,84.0,279.0,1015.0,2889.0,449.0,2802.0,41.90006984503975,-87.72091881010347
HUMBOLDT PARK,2017,80.0,308.0,1145.0,2770.0,509.0,2747.0,41.90006984503975,-87.72091881010347
HUMBOLDT PARK,2018,61.0,248.0,1685.0,2239.0,633.0,2669.0,41.90006984503975,-87.72091881010347
HUMBOLDT PARK,2019,67.0,283.0,1875.0,2277.0,614.0,2377.0,41.90006984503975,-87.72091881010347
HUMBOLDT PARK,2020,58.0,263.0,1022.0,2149.0,530.0,2208.0,41.90006984503975,-87.72091881010347
HUMBOLDT PARK,2021,48.0,245.0,626.0,1963.0,466.0,2060.0,41.90006984503975,-87.72091881010347
HUMBOLDT PARK,2022,43.0,286.0,538.0,2168.0,379.0,2148.0,41.90006984503975,-87.72091881010347
HUMBOLDT PARK,2023,60.0,261.0,831.0,2455.0,413.0,2439.0,41.90006984503975,-87.72091881010347
HYDE PARK,2014,7.0,128.0,19.0,833.0,37.0,339.0,41.794090306939644,-87.59231092230799
HYDE PARK,2015,11.0,124.0,13.0,855.0,48.0,383.0,41.794090306939644,-87.59231092230799
HYDE PARK,2016,10.0,187.0,9.0,1031.0,61.0,351.0,41.794090306939644,-87.59231092230799
HYDE PARK,2017,15.0,165.0,7.0,924.0,40.0,440.0,41.794090306939644,-87.59231092230799
HYDE PARK,2018,17.0,188.0,8.0,1141.0,53.0,460.0,41.794090306939644,-87.59231092230799
HYDE PARK,2019,16.0,181.0,16.0,857.0,57.0,477.0,41.794090306939644,-87.59231092230799
HYDE PARK,2020,11.0,160.0,10.0,678.0,54.0,398.0,41.794090306939644,-87.59231092230799
HYDE PARK,2021,11.0,143.0,2.0,844.0,41.0,504.0,41.794090306939644,-87.59231092230799
HYDE PARK,2022,4.0,145.0,9.0,1216.0,38.0,558.0,41.794090306939644,-87.59231092230799
HYDE PARK,2023,14.0,174.0,5.0,1528.0,55.0,582.0,41.794090306939644,-87.59231092230799
IRVING PARK,2014,26.0,147.0,133.0,1538.0,97.0,767.0,41.95358181896004,-87.72345248206662
IRVING PARK,2015,27.0,148.0,110.0,1589.0,93.0,831.0,41.95358181896004,-87.72345248206662
IRVING PARK,2016,28.0,249.0,63.0,1505.0,98.0,859.0,41.95358181896004,-87.72345248206662
IRVING PARK,2017,25.0,238.0,30.0,1645.0,91.0,771.0,41.95358181896004,-87.72345248206662
IRVING PARK,2018,22.0,184.0,37.0,1509.0,88.0,767.0,41.95358181896004,-87.72345248206662
IRVING PARK,2019,24.0,201.0,45.0,1272.0,106.0,700.0,41.95358181896004,-87.72345248206662
IRVING PARK,2020,19.0,254.0,28.0,973.0,90.0,658.0,41.95358181896004,-87.72345248206662
IRVING PARK,2021,20.0,190.0,22.0,1054.0,100.0,646.0,41.95358181896004,-87.72345248206662
IRVING PARK,2022,19.0,198.0,72.0,1319.0,85.0,657.0,41.95358181896004,-87.72345248206662
IRVING PARK,2023,14.0,214.0,40.0,1442.0,120.0,801.0,41.95358181896004,-87.72345248206662
JEFFERSON PARK,2014,13.0,77.0,57.0,627.0,73.0,271.0,41.97882998234234,-87.77116691801386
JEFFERSON PARK,2015,14.0,97.0,61.0,550.0,61.0,259.0,41.97882998234234,-87.77116691801386
JEFFERSON PARK,2016,8.0,109.0,22.0,532.0,45.0,262.0,41.97882998234234,-87.77116691801386
JEFFERSON PARK,2017,9.0,116.0,22.0,495.0,41.0,245.0,41.97882998234234,-87.77116691801386
JEFFERSON PARK,2018,12.0,97.0,15.0,531.0,72.0,273.0,41.97882998234234,-87.77116691801386
JEFFERSON PARK,2019,5.0,109.0,12.0,467.0,44.0,238.0,41.97882998234234,-87.77116691801386
JEFFERSON PARK,2020,6.0,184.0,9.0,408.0,33.0,250.0,41.97882998234234,-87.77116691801386
JEFFERSON PARK,2021,9.0,140.0,9.0,347.0,24.0,225.0,41.97882998234234,-87.77116691801386
JEFFERSON PARK,2022,5.0,147.0,11.0,471.0,49.0,263.0,41.97882998234234,-87.77116691801386
JEFFERSON PARK,2023,7.0,105.0,14.0,581.0,33.0,308.0,41.97882998234234,-87.77116691801386
KENWOOD,2014,12.0,108.0,94.0,696.0,56.0,409.0,41.808916370166855,-87.59618357877342
KENWOOD,2015,11.0,112.0,50.0,663.0,58.0,437.0,41.808916370166855,-87.59618357877342
KENWOOD,2016,6.0,119.0,9.0,707.0,46.0,490.0,41.808916370166855,-87.59618357877342
KENWOOD,2017,9.0,110.0,9.0,737.0,56.0,508.0,41.808916370166855,-87.59618357877342
KENWOOD,2018,7.0,123.0,12.0,715.0,58.0,478.0,41.808916370166855,-87.59618357877342
KENWOOD,2019,12.0,126.0,21.0,653.0,67.0,456.0,41.808916370166855,-87.59618357877342
KENWOOD,2020,18.0,119.0,9.0,519.0,49.0,411.0,41.808916370166855,-87.59618357877342
KENWOOD,2021,11.0,117.0,6.0,552.0,62.0,461.0,41.808916370166855,-87.59618357877342
KENWOOD,2022,8.0,105.0,14.0,957.0,71.0,556.0,41.808916370166855,-87.59618357877342
KENWOOD,2023,8.0,121.0,14.0,1090.0,61.0,577.0,41.808916370166855,-87.59618357877342
LAKE VIEW,2014,14.0,494.0,172.0,3247.0,313.0,1159.0,41.94422687050367,-87.65599892982176
LAKE VIEW,2015,12.0,461.0,123.0,3137.0,292.0,1224.0,41.94422687050367,-87.65599892982176
LAKE VIEW,2016,16.0,744.0,73.0,3302.0,290.0,1331.0,41.94422687050367,-87.65599892982176
LAKE VIEW,2017,13.0,710.0,39.0,3111.0,225.0,1250.0,41.94422687050367,-87.65599892982176
LAKE VIEW,2018,12.0,700.0,39.0,3194.0,280.0,1283.0,41.94422687050367,-87.65599892982176
LAKE VIEW,2019,17.0,737.0,43.0,3219.0,262.0,1324.0,41.94422687050367,-87.65599892982176
LAKE VIEW,2020,10.0,589.0,16.0,2283.0,161.0,828.0,41.94422687050367,-87.65599892982176
LAKE VIEW,2021,6.0,526.0,16.0,2378.0,165.0,1170.0,41.94422687050367,-87.65599892982176
LAKE VIEW,2022,10.0,584.0,21.0,3221.0,218.0,1318.0,41.94422687050367,-87.65599892982176
LAKE VIEW,2023,7.0,668.0,21.0,3836.0,227.0,1347.0,41.94422687050367,-87.65599892982176
LINCOLN PARK,2014,5.0,308.0,56.0,2777.0,161.0,625.0,41.9226861178851,-87.64948972103547
LINCOLN PARK,2015,9.0,313.0,45.0,2507.0,128.0,550.0,41.9226861178851,-87.64948972103547
LINCOLN PARK,2016,9.0,513.0,29.0,2738.0,136.0,611.0,41.9226861178851,-87.64948972103547
LINCOLN PARK,2017,2.0,472.0,28.0,2952.0,113.0,690.0,41.9226861178851,-87.64948972103547
LINCOLN PARK,2018,6.0,460.0,22.0,3361.0,179.0,763.0,41.9226861178851,-87.64948972103547
LINCOLN PARK,2019,7.0,450.0,32.0,2696.0,148.0,741.0,41.9226861178851,-87.64948972103547
LINCOLN PARK,2020,3.0,403.0,8.0,1622.0,92.0,524.0,41.9226861178851,-87.64948972103547
LINCOLN PARK,2021,5.0,410.0,7.0,1648.0,92.0,587.0,41.9226861178851,-87.64948972103547
LINCOLN PARK,2022,6.0,342.0,8.0,2203.0,127.0,617.0,41.9226861178851,-87.64948972103547
LINCOLN PARK,2023,7.0,357.0,11.0,2575.0,137.0,693.0,41.9226861178851,-87.64948972103547
LINCOLN SQUARE,2014,15.0,153.0,112.0,988.0,87.0,481.0,41.97517153048752,-87.68751544295701
LINCOLN SQUARE,2015,19.0,140.0,78.0,931.0,80.0,459.0,41.97517153048752,-87.68751544295701
LINCOLN SQUARE,2016,12.0,261.0,45.0,1027.0,95.0,486.0,41.97517153048752,-87.68751544295701
LINCOLN SQUARE,2017,9.0,216.0,33.0,1056.0,95.0,520.0,41.97517153048752,-87.68751544295701
LINCOLN SQUARE,2018,10.0,218.0,37.0,1009.0,84.0,528.0,41.97517153048752,-87.68751544295701
LINCOLN SQUARE,2019,18.0,194.0,25.0,952.0,63.0,513.0,41.97517153048752,-87.68751544295701
LINCOLN SQUARE,2020,7.0,252.0,15.0,1025.0,64.0,454.0,41.97517153048752,-87.68751544295701
LINCOLN SQUARE,2021,8.0,200.0,15.0,856.0,72.0,481.0,41.97517153048752,-87.68751544295701
LINCOLN SQUARE,2022,10.0,209.0,11.0,1078.0,95.0,528.0,41.97517153048752,-87.68751544295701
LINCOLN SQUARE,2023,4.0,204.0,30.0,1237.0,88.0,622.0,41.97517153048752,-87.68751544295701
LOGAN SQUARE,2014,39.0,231.0,184.0,2870.0,170.0,1295.0,41.92275985852189,-87.69915594576551
LOGAN SQUARE,2015,41.0,241.0,136.0,2747.0,165.0,1118.0,41.92275985852189,-87.69915594576551
LOGAN SQUARE,2016,43.0,408.0,89.0,3200.0,185.0,1232.0,41.92275985852189,-87.69915594576551
LOGAN SQUARE,2017,23.0,368.0,59.0,2868.0,150.0,1260.0,41.92275985852189,-87.69915594576551
LOGAN SQUARE,2018,29.0,352.0,66.0,2770.0,187.0,1171.0,41.92275985852189,-87.69915594576551
LOGAN SQUARE,2019,39.0,408.0,74.0,2745.0,221.0,1081.0,41.92275985852189,-87.69915594576551
LOGAN SQUARE,2020,25.0,345.0,57.0,1917.0,193.0,938.0,41.92275985852189,-87.69915594576551
LOGAN SQUARE,2021,17.0,312.0,39.0,1741.0,137.0,982.0,41.92275985852189,-87.69915594576551
LOGAN SQUARE,2022,28.0,295.0,24.0,2287.0,128.0,999.0,41.92275985852189,-87.69915594576551
LOGAN SQUARE,2023,19.0,346.0,28.0,3092.0,137.0,1357.0,41.92275985852189,-87.69915594576551
LOWER WEST SIDE,2014,21.0,103.0,193.0,1229.0,157.0,661.0,41.85026617106391,-87.66756822559354
LOWER WEST SIDE,2015,13.0,88.0,118.0,1089.0,157.0,721.0,41.85026617106391,-87.66756822559354
LOWER WEST SIDE,2016,23.0,151.0,80.0,1124.0,95.0,792.0,41.85026617106391,-87.66756822559354
LOWER WEST SIDE,2017,23.0,116.0,41.0,1107.0,131.0,865.0,41.85026617106391,-87.66756822559354
LOWER WEST SIDE,2018,18.0,128.0,56.0,975.0,127.0,764.0,41.85026617106391,-87.66756822559354
LOWER WEST SIDE,2019,24.0,109.0,72.0,903.0,145.0,716.0,41.85026617106391,-87.66756822559354
LOWER WEST SIDE,2020,10.0,115.0,44.0,790.0,147.0,639.0,41.85026617106391,-87.66756822559354
LOWER WEST SIDE,2021,16.0,131.0,25.0,882.0,116.0,764.0,41.85026617106391,-87.66756822559354
LOWER WEST SIDE,2022,8.0,183.0,38.0,1306.0,162.0,858.0,41.85026617106391,-87.66756822559354
LOWER WEST SIDE,2023,8.0,172.0,28.0,1370.0,169.0,1006.0,41.85026617106391,-87.66756822559354
MCKINLEY PARK,2014,9.0,46.0,73.0,540.0,48.0,268.0,41.82992225222828,-87.67250270029346
MCKINLEY PARK,2015,8.0,42.0,91.0,555.0,45.0,282.0,41.82992225222828,-87.67250270029346
MCKINLEY PARK,2016,11.0,44.0,57.0,555.0,30.0,278.0,41.82992225222828,-87.67250270029346
MCKINLEY PARK,2017,7.0,57.0,63.0,517.0,57.0,275.0,41.82992225222828,-87.67250270029346
MCKINLEY PARK,2018,9.0,45.0,23.0,491.0,46.0,252.0,41.82992225222828,-87.67250270029346
MCKINLEY PARK,2019,6.0,42.0,17.0,453.0,66.0,190.0,41.82992225222828,-87.67250270029346
MCKINLEY PARK,2020,13.0,61.0,12.0,319.0,57.0,228.0,41.82992225222828,-87.67250270029346
MCKINLEY PARK,2021,3.0,55.0,5.0,304.0,47.0,244.0,41.82992225222828,-87.67250270029346
MCKINLEY PARK,2022,3.0,49.0,11.0,414.0,58.0,293.0,41.82992225222828,-87.67250270029346
MCKINLEY PARK,2023,6.0,31.0,9.0,526.0,51.0,318.0,41.82992225222828,-87.67250270029346
MONTCLARE,2014,5.0,43.0,18.0,257.0,17.0,141.0,41.92929769096116,-87.79803232487089
MONTCLARE,2015,9.0,41.0,8.0,298.0,21.0,161.0,41.92929769096116,-87.79803232487089
MONTCLARE,2016,6.0,57.0,10.0,327.0,18.0,195.0,41.92929769096116,-87.79803232487089
MONTCLARE,2017,4.0,41.0,11.0,270.0,18.0,197.0,41.92929769096116,-87.79803232487089
MONTCLARE,2018,10.0,39.0,10.0,275.0,21.0,183.0,41.92929769096116,-87.79803232487089
MONTCLARE,2019,4.0,51.0,10.0,249.0,20.0,167.0,41.92929769096116,-87.79803232487089
MONTCLARE,2020,6.0,66.0,13.0,225.0,28.0,169.0,41.92929769096116,-87.79803232487089
MONTCLARE,2021,8.0,56.0,10.0,197.0,29.0,145.0,41.92929769096116,-87.79803232487089
MONTCLARE,2022,10.0,63.0,2.0,311.0,33.0,159.0,41.92929769096116,-87.79803232487089
MONTCLARE,2023,7.0,47.0,5.0,399.0,29.0,167.0,41.92929769096116,-87.79803232487089
MORGAN PARK,2014,29.0,136.0,176.0,930.0,124.0,610.0,41.689729585922855,-87.66905398718522
MORGAN PARK,2015,16.0,162.0,134.0,920.0,89.0,591.0,41.689729585922855,-87.66905398718522
MORGAN PARK,2016,32.0,185.0,62.0,848.0,93.0,618.0,41.689729585922855,-87.66905398718522
MORGAN PARK,2017,30.0,148.0,31.0,978.0,115.0,634.0,41.689729585922855,-87.66905398718522
MORGAN PARK,2018,37.0,146.0,48.0,929.0,148.0,600.0,41.689729585922855,-87.66905398718522
MORGAN PARK,2019,24.0,149.0,62.0,739.0,130.0,562.0,41.689729585922855,-87.66905398718522
MORGAN PARK,2020,38.0,217.0,30.0,676.0,87.0,523.0,41.689729585922855,-87.66905398718522
MORGAN PARK,2021,31.0,203.0,33.0,665.0,108.0,528.0,41.689729585922855,-87.66905398718522
MORGAN PARK,2022,28.0,122.0,20.0,853.0,115.0,504.0,41.689729585922855,-87.66905398718522
MORGAN PARK,2023,23.0,121.0,37.0,913.0,105.0,602.0,41.689729585922855,-87.66905398718522
MOUNT GREENWOOD,2014,22.0,52.0,17.0,298.0,29.0,143.0,41.69487944254784,-87.7131918580596
MOUNT GREENWOOD,2015,15.0,75.0,13.0,236.0,27.0,150.0,41.69487944254784,-87.7131918580596
MOUNT GREENWOOD,2016,10.0,74.0,12.0,264.0,21.0,135.0,41.69487944254784,-87.7131918580596
MOUNT GREENWOOD,2017,17.0,67.0,4.0,251.0,30.0,129.0,41.69487944254784,-87.7131918580596
MOUNT GREENWOOD,2018,11.0,61.0,5.0,232.0,36.0,116.0,41.69487944254784,-87.7131918580596
MOUNT GREENWOOD,2019,7.0,54.0,11.0,189.0,19.0,99.0,41.69487944254784,-87.7131918580596
MOUNT GREENWOOD,2020,7.0,146.0,10.0,137.0,23.0,103.0,41.69487944254784,-87.7131918580596
MOUNT GREENWOOD,2021,6.0,132.0,5.0,140.0,13.0,96.0,41.69487944254784,-87.7131918580596
MOUNT GREENWOOD,2022,6.0,69.0,12.0,180.0,36.0,129.0,41.69487944254784,-87.7131918580596
MOUNT GREENWOOD,2023,7.0,63.0,7.0,204.0,29.0,135.0,41.69487944254784,-87.7131918580596
NEAR NORTH SIDE,2014,30.0,1092.0,219.0,4881.0,644.0,1750.0,41.89960210642618,-87.63330943703566
NEAR NORTH SIDE,2015,13.0,1126.0,245.0,5029.0,549.0,1660.0,41.89960210642618,-87.63330943703566
NEAR NORTH SIDE,2016,21.0,1541.0,122.0,5989.0,401.0,2026.0,41.89960210642618,-87.63330943703566
NEAR NORTH SIDE,2017,27.0,1731.0,139.0,7027.0,487.0,2392.0,41.89960210642618,-87.63330943703566
NEAR NORTH SIDE,2018,23.0,1958.0,128.0,7129.0,515.0,2626.0,41.89960210642618,-87.63330943703566
NEAR NORTH SIDE,2019,39.0,1758.0,155.0,6739.0,623.0,2778.0,41.89960210642618,-87.63330943703566
NEAR NORTH SIDE,2020,21.0,907.0,85.0,3656.0,505.0,1649.0,41.89960210642618,-87.63330943703566
NEAR NORTH SIDE,2021,22.0,909.0,67.0,3810.0,631.0,2294.0,41.89960210642618,-87.63330943703566
NEAR NORTH SIDE,2022,24.0,1008.0,121.0,5615.0,681.0,2560.0,41.89960210642618,-87.63330943703566
NEAR NORTH SIDE,2023,28.0,1123.0,181.0,5857.0,745.0,2702.0,41.89960210642618,-87.63330943703566
NEAR SOUTH SIDE,2014,9.0,169.0,36.0,898.0,161.0,406.0,41.85718426592725,-87.62033482705607
NEAR SOUTH SIDE,2015,15.0,210.0,29.0,901.0,137.0,453.0,41.85718426592725,-87.62033482705607
NEAR SOUTH SIDE,2016,12.0,284.0,24.0,932.0,109.0,472.0,41.85718426592725,-87.62033482705607
NEAR SOUTH SIDE,2017,11.0,286.0,18.0,895.0,109.0,513.0,41.85718426592725,-87.62033482705607
NEAR SOUTH SIDE,2018,5.0,251.0,19.0,900.0,81.0,482.0,41.85718426592725,-87.62033482705607
NEAR SOUTH SIDE,2019,6.0,276.0,30.0,832.0,95.0,555.0,41.85718426592725,-87.62033482705607
NEAR SOUTH SIDE,2020,11.0,234.0,24.0,713.0,110.0,429.0,41.85718426592725,-87.62033482705607
NEAR SOUTH SIDE,2021,20.0,166.0,9.0,782.0,110.0,610.0,41.85718426592725,-87.62033482705607
NEAR SOUTH SIDE,2022,6.0,206.0,15.0,1238.0,150.0,711.0,41.85718426592725,-87.62033482705607
NEAR SOUTH SIDE,2023,9.0,218.0,22.0,1414.0,157.0,736.0,41.85718426592725,-87.62033482705607
NEAR WEST SIDE,2014,99.0,568.0,330.0,4074.0,474.0,1976.0,41.87400538488452,-87.66351788670046
NEAR WEST SIDE,2015,38.0,603.0,299.0,4091.0,374.0,1929.0,41.87400538488452,-87.66351788670046
NEAR WEST SIDE,2016,89.0,774.0,206.0,5265.0,373.0,2193.0,41.87400538488452,-87.66351788670046
NEAR WEST SIDE,2017,39.0,752.0,158.0,4905.0,345.0,2319.0,41.87400538488452,-87.66351788670046
NEAR WEST SIDE,2018,48.0,811.0,161.0,4993.0,409.0,2374.0,41.87400538488452,-87.66351788670046
NEAR WEST SIDE,2019,51.0,817.0,218.0,4757.0,537.0,2403.0,41.87400538488452,-87.66351788670046
NEAR WEST SIDE,2020,26.0,569.0,108.0,3156.0,337.0,1845.0,41.87400538488452,-87.66351788670046
NEAR WEST SIDE,2021,29.0,505.0,75.0,3446.0,285.0,2047.0,41.87400538488452,-87.66351788670046
NEAR WEST SIDE,2022,30.0,650.0,113.0,5269.0,416.0,2357.0,41.87400538488452,-87.66351788670046
NEAR WEST SIDE,2023,25.0,673.0,89.0,5645.0,464.0,2831.0,41.87400538488452,-87.66351788670046
NEW CITY,2014,48.0,170.0,513.0,2001.0,295.0,1730.0,41.809018523203044,-87.65916684500394
NEW CITY,2015,35.0,145.0,456.0,1744.0,296.0,1600.0,41.809018523203044,-87.65916684500394
NEW CITY,2016,53.0,182.0,304.0,1775.0,252.0,1835.0,41.809018523203044,-87.65916684500394
NEW CITY,2017,46.0,161.0,224.0,1675.0,304.0,1663.0,41.809018523203044,-87.65916684500394
NEW CITY,2018,51.0,174.0,181.0,1522.0,241.0,1535.0,41.809018523203044,-87.65916684500394
NEW CITY,2019,63.0,176.0,264.0,1471.0,290.0,1447.0,41.809018523203044,-87.65916684500394
NEW CITY,2020,41.0,164.0,106.0,1184.0,308.0,1306.0,41.809018523203044,-87.65916684500394
NEW CITY,2021,37.0,163.0,69.0,1132.0,279.0,1399.0,41.809018523203044,-87.65916684500394
NEW CITY,2022,31.0,163.0,41.0,1333.0,363.0,1458.0,41.809018523203044,-87.65916684500394
NEW CITY,2023,33.0,189.0,51.0,1608.0,357.0,1672.0,41.809018523203044,-87.65916684500394
NORTH CENTER,2014,13.0,121.0,33.0,1022.0,51.0,229.0,41.94779237360123,-87.68383517981742
NORTH CENTER,2015,11.0,128.0,36.0,844.0,47.0,240.0,41.94779237360123,-87.68383517981742
NORTH CENTER,2016,4.0,199.0,28.0,804.0,51.0,237.0,41.94779237360123,-87.68383517981742
NORTH CENTER,2017,14.0,175.0,18.0,839.0,58.0,234.0,41.94779237360123,-87.68383517981742
NORTH CENTER,2018,5.0,126.0,13.0,780.0,57.0,244.0,41.94779237360123,-87.68383517981742
NORTH CENTER,2019,5.0,171.0,15.0,743.0,46.0,218.0,41.94779237360123,-87.68383517981742
NORTH CENTER,2020,7.0,217.0,11.0,572.0,49.0,199.0,41.94779237360123,-87.68383517981742
NORTH CENTER,2021,6.0,149.0,4.0,509.0,43.0,208.0,41.94779237360123,-87.68383517981742
NORTH CENTER,2022,3.0,158.0,6.0,769.0,48.0,255.0,41.94779237360123,-87.68383517981742
NORTH CENTER,2023,4.0,147.0,4.0,898.0,48.0,304.0,41.94779237360123,-87.68383517981742
NORTH LAWNDALE,2014,76.0,242.0,2076.0,2445.0,512.0,2830.0,41.86018959234662,-87.71721947381866
NORTH LAWNDALE,2015,62.0,221.0,1474.0,2291.0,531.0,2912.0,41.86018959234662,-87.71721947381866
NORTH LAWNDALE,2016,62.0,288.0,1182.0,2641.0,608.0,3376.0,41.86018959234662,-87.71721947381866
NORTH LAWNDALE,2017,71.0,232.0,1601.0,2435.0,860.0,3140.0,41.86018959234662,-87.71721947381866
NORTH LAWNDALE,2018,73.0,262.0,2040.0,2447.0,829.0,3054.0,41.86018959234662,-87.71721947381866
NORTH LAWNDALE,2019,76.0,296.0,2153.0,2237.0,774.0,2919.0,41.86018959234662,-87.71721947381866
NORTH LAWNDALE,2020,52.0,279.0,698.0,1999.0,691.0,2871.0,41.86018959234662,-87.71721947381866
NORTH LAWNDALE,2021,48.0,250.0,328.0,1986.0,614.0,2500.0,41.86018959234662,-87.71721947381866
NORTH LAWNDALE,2022,55.0,212.0,403.0,2342.0,592.0,2464.0,41.86018959234662,-87.71721947381866
NORTH LAWNDALE,2023,62.0,235.0,463.0,2535.0,540.0,2664.0,41.86018959234662,-87.71721947381866
NORTH PARK,2014,4.0,51.0,36.0,528.0,31.0,168.0,41.983636455292796,-87.72358281827584
NORTH PARK,2015,10.0,49.0,37.0,484.0,25.0,170.0,41.983636455292796,-87.72358281827584
NORTH PARK,2016,12.0,92.0,32.0,527.0,28.0,225.0,41.983636455292796,-87.72358281827584
NORTH PARK,2017,5.0,54.0,17.0,552.0,42.0,219.0,41.983636455292796,-87.72358281827584
NORTH PARK,2018,8.0,88.0,12.0,541.0,45.0,224.0,41.983636455292796,-87.72358281827584
NORTH PARK,2019,6.0,71.0,8.0,388.0,35.0,219.0,41.983636455292796,-87.72358281827584
NORTH PARK,2020,11.0,92.0,7.0,376.0,28.0,192.0,41.983636455292796,-87.72358281827584
NORTH PARK,2021,6.0,90.0,5.0,312.0,30.0,177.0,41.983636455292796,-87.72358281827584
NORTH PARK,2022,8.0,107.0,9.0,464.0,37.0,277.0,41.983636455292796,-87.72358281827584
NORTH PARK,2023,6.0,90.0,12.0,441.0,31.0,269.0,41.983636455292796,-87.72358281827584
NORWOOD PARK,2014,12.0,113.0,57.0,606.0,61.0,291.0,41.98524067386265,-87.8034502383553
NORWOOD PARK,2015,15.0,109.0,47.0,616.0,71.0,270.0,41.98524067386265,-87.8034502383553
NORWOOD PARK,2016,12.0,158.0,24.0,667.0,50.0,297.0,41.98524067386265,-87.8034502383553
NORWOOD PARK,2017,9.0,131.0,15.0,524.0,42.0,286.0,41.98524067386265,-87.8034502383553
NORWOOD PARK,2018,6.0,107.0,16.0,565.0,64.0,297.0,41.98524067386265,-87.8034502383553
NORWOOD PARK,2019,14.0,145.0,11.0,519.0,65.0,298.0,41.98524067386265,-87.8034502383553
NORWOOD PARK,2020,7.0,253.0,6.0,424.0,31.0,206.0,41.98524067386265,-87.8034502383553
NORWOOD PARK,2021,9.0,264.0,5.0,441.0,33.0,289.0,41.98524067386265,-87.8034502383553
NORWOOD PARK,2022,6.0,228.0,6.0,546.0,39.0,312.0,41.98524067386265,-87.8034502383553
NORWOOD PARK,2023,16.0,153.0,12.0,564.0,44.0,323.0,41.98524067386265,-87.8034502383553
OAKLAND,2014,3.0,29.0,20.0,264.0,54.0,227.0,41.823750345730396,-87.60321641296161
OAKLAND,2015,7.0,38.0,20.0,273.0,26.0,199.0,41.823750345730396,-87.60321641296161
OAKLAND,2016,5.0,34.0,9.0,352.0,32.0,204.0,41.823750345730396,-87.60321641296161
OAKLAND,2017,2.0,37.0,0.0,321.0,26.0,220.0,41.823750345730396,-87.60321641296161
OAKLAND,2018,6.0,48.0,5.0,274.0,21.0,219.0,41.823750345730396,-87.60321641296161
OAKLAND,2019,13.0,35.0,7.0,243.0,39.0,225.0,41.823750345730396,-87.60321641296161
OAKLAND,2020,14.0,54.0,7.0,222.0,43.0,212.0,41.823750345730396,-87.60321641296161
OAKLAND,2021,7.0,57.0,2.0,208.0,30.0,222.0,41.823750345730396,-87.60321641296161
OAKLAND,2022,10.0,24.0,3.0,348.0,47.0,238.0,41.823750345730396,-87.60321641296161
OAKLAND,2023,9.0,39.0,6.0,497.0,31.0,302.0,41.823750345730396,-87.60321641296161
PORTAGE PARK,2014,40.0,212.0,214.0,1664.0,136.0,858.0,41.954028162150045,-87.76339991111827
PORTAGE PARK,2015,26.0,197.0,197.0,1698.0,136.0,883.0,41.954028162150045,-87.76339991111827
PORTAGE PARK,2016,32.0,261.0,83.0,1620.0,100.0,866.0,41.954028162150045,-87.76339991111827
PORTAGE PARK,2017,33.0,264.0,76.0,1670.0,111.0,913.0,41.954028162150045,-87.76339991111827
PORTAGE PARK,2018,29.0,254.0,44.0,1538.0,145.0,937.0,41.954028162150045,-87.76339991111827
PORTAGE PARK,2019,33.0,262.0,48.0,1268.0,122.0,938.0,41.954028162150045,-87.76339991111827
PORTAGE PARK,2020,41.0,282.0,36.0,1133.0,110.0,787.0,41.954028162150045,-87.76339991111827
PORTAGE PARK,2021,27.0,256.0,26.0,1048.0,105.0,809.0,41.954028162150045,-87.76339991111827
PORTAGE PARK,2022,28.0,286.0,56.0,1347.0,121.0,859.0,41.954028162150045,-87.76339991111827
PORTAGE PARK,2023,25.0,271.0,66.0,1756.0,115.0,945.0,41.954028162150045,-87.76339991111827
PULLMAN,2014,14.0,60.0,46.0,490.0,76.0,389.0,41.70612706247851,-87.59825466721087
PULLMAN,2015,15.0,44.0,44.0,407.0,67.0,327.0,41.70612706247851,-87.59825466721087
PULLMAN,2016,12.0,75.0,30.0,488.0,52.0,380.0,41.70612706247851,-87.59825466721087
PULLMAN,2017,17.0,44.0,31.0,469.0,83.0,294.0,41.70612706247851,-87.59825466721087
PULLMAN,2018,23.0,61.0,26.0,463.0,74.0,349.0,41.70612706247851,-87.59825466721087
PULLMAN,2019,15.0,36.0,38.0,433.0,92.0,374.0,41.70612706247851,-87.59825466721087
PULLMAN,2020,8.0,64.0,15.0,330.0,63.0,289.0,41.70612706247851,-87.59825466721087
PULLMAN,2021,8.0,56.0,12.0,338.0,70.0,299.0,41.70612706247851,-87.59825466721087
PULLMAN,2022,15.0,58.0,5.0,390.0,65.0,261.0,41.70612706247851,-87.59825466721087
PULLMAN,2023,9.0,49.0,6.0,450.0,66.0,350.0,41.70612706247851,-87.59825466721087
RIVERDALE,2014,13.0,31.0,101.0,422.0,140.0,596.0,41.66013746994187,-87.60284873294681
RIVERDALE,2015,14.0,19.0,62.0,383.0,86.0,509.0,41.66013746994187,-87.60284873294681
RIVERDALE,2016,15.0,43.0,33.0,407.0,87.0,581.0,41.66013746994187,-87.60284873294681
RIVERDALE,2017,20.0,36.0,39.0,408.0,102.0,577.0,41.66013746994187,-87.60284873294681
RIVERDALE,2018,14.0,46.0,33.0,406.0,137.0,572.0,41.66013746994187,-87.60284873294681
RIVERDALE,2019,16.0,30.0,34.0,446.0,159.0,561.0,41.66013746994187,-87.60284873294681
RIVERDALE,2020,16.0,45.0,14.0,326.0,98.0,468.0,41.66013746994187,-87.60284873294681
RIVERDALE,2021,19.0,37.0,4.0,410.0,94.0,467.0,41.66013746994187,-87.60284873294681
RIVERDALE,2022,20.0,40.0,8.0,494.0,93.0,498.0,41.66013746994187,-87.60284873294681
RIVERDALE,2023,27.0,28.0,3.0,507.0,75.0,544.0,41.66013746994187,-87.60284873294681
ROGERS PARK,2014,28.0,216.0,281.0,1462.0,249.0,1190.0,42.009623377988696,-87.6701672940393
ROGERS PARK,2015,23.0,195.0,189.0,1429.0,206.0,1025.0,42.009623377988696,-87.6701672940393
ROGERS PARK,2016,33.0,248.0,89.0,1500.0,202.0,1170.0,42.009623377988696,-87.6701672940393
ROGERS PARK,2017,29.0,246.0,62.0,1963.0,241.0,1168.0,42.009623377988696,-87.6701672940393
ROGERS PARK,2018,30.0,201.0,62.0,1673.0,194.0,1168.0,42.009623377988696,-87.6701672940393
ROGERS PARK,2019,22.0,275.0,93.0,1847.0,169.0,1174.0,42.009623377988696,-87.6701672940393
ROGERS PARK,2020,17.0,289.0,58.0,1394.0,117.0,1052.0,42.009623377988696,-87.6701672940393
ROGERS PARK,2021,17.0,250.0,43.0,1423.0,117.0,1165.0,42.009623377988696,-87.6701672940393
ROGERS PARK,2022,24.0,216.0,57.0,1859.0,154.0,1257.0,42.009623377988696,-87.6701672940393
ROGERS PARK,2023,15.0,322.0,60.0,2196.0,169.0,1286.0,42.009623377988696,-87.6701672940393
ROSELAND,2014,54.0,296.0,798.0,2760.0,609.0,2427.0,41.70658996158545,-87.62336576896239
ROSELAND,2015,57.0,277.0,516.0,2483.0,466.0,2336.0,41.70658996158545,-87.62336576896239
ROSELAND,2016,66.0,268.0,378.0,2638.0,457.0,2562.0,41.70658996158545,-87.62336576896239
ROSELAND,2017,72.0,313.0,292.0,2619.0,533.0,2478.0,41.70658996158545,-87.62336576896239
ROSELAND,2018,64.0,279.0,315.0,2460.0,656.0,2464.0,41.70658996158545,-87.62336576896239
ROSELAND,2019,79.0,330.0,289.0,2313.0,618.0,2248.0,41.70658996158545,-87.62336576896239
ROSELAND,2020,60.0,345.0,158.0,2297.0,516.0,2157.0,41.70658996158545,-87.62336576896239
ROSELAND,2021,58.0,324.0,84.0,1902.0,521.0,2022.0,41.70658996158545,-87.62336576896239
ROSELAND,2022,68.0,270.0,84.0,2566.0,497.0,2002.0,41.70658996158545,-87.62336576896239
ROSELAND,2023,63.0,233.0,101.0,2702.0,478.0,2095.0,41.70658996158545,-87.62336576896239
SOUTH CHICAGO,2014,63.0,174.0,671.0,1750.0,398.0,1777.0,41.741242815344854,-87.55142918511253
SOUTH CHICAGO,2015,68.0,156.0,425.0,1722.0,353.0,1812.0,41.741242815344854,-87.55142918511253
SOUTH CHICAGO,2016,65.0,195.0,220.0,1692.0,248.0,1913.0,41.741242815344854,-87.55142918511253
SOUTH CHICAGO,2017,65.0,180.0,178.0,1641.0,321.0,1740.0,41.741242815344854,-87.55142918511253
SOUTH CHICAGO,2018,71.0,166.0,193.0,1500.0,316.0,1658.0,41.741242815344854,-87.55142918511253
SOUTH CHICAGO,2019,58.0,151.0,251.0,1401.0,414.0,1546.0,41.741242815344854,-87.55142918511253
SOUTH CHICAGO,2020,57.0,192.0,69.0,1232.0,266.0,1241.0,41.741242815344854,-87.55142918511253
SOUTH CHICAGO,2021,49.0,191.0,30.0,1286.0,222.0,1468.0,41.741242815344854,-87.55142918511253
SOUTH CHICAGO,2022,49.0,141.0,35.0,1849.0,289.0,1559.0,41.741242815344854,-87.55142918511253
SOUTH CHICAGO,2023,55.0,140.0,29.0,1860.0,279.0,1535.0,41.741242815344854,-87.55142918511253
SOUTH DEERING,2014,27.0,108.0,205.0,950.0,186.0,624.0,41.69063701237842,-87.57005674804512
SOUTH DEERING,2015,33.0,100.0,101.0,749.0,157.0,616.0,41.69063701237842,-87.57005674804512
SOUTH DEERING,2016,20.0,99.0,60.0,813.0,109.0,624.0,41.69063701237842,-87.57005674804512
SOUTH DEERING,2017,32.0,99.0,52.0,731.0,110.0,589.0,41.69063701237842,-87.57005674804512
SOUTH DEERING,2018,20.0,89.0,50.0,724.0,138.0,599.0,41.69063701237842,-87.57005674804512
SOUTH DEERING,2019,20.0,92.0,68.0,766.0,135.0,627.0,41.69063701237842,-87.57005674804512
SOUTH DEERING,2020,23.0,108.0,26.0,637.0,130.0,626.0,41.69063701237842,-87.57005674804512
SOUTH DEERING,2021,33.0,112.0,10.0,535.0,97.0,558.0,41.69063701237842,-87.57005674804512
SOUTH DEERING,2022,16.0,86.0,15.0,806.0,147.0,583.0,41.69063701237842,-87.57005674804512
SOUTH DEERING,2023,22.0,82.0,21.0,1018.0,144.0,620.0,41.69063701237842,-87.57005674804512
SOUTH LAWNDALE,2014,58.0,153.0,455.0,1981.0,344.0,1571.0,41.83908700852653,-87.71400209568442
SOUTH LAWNDALE,2015,54.0,167.0,338.0,1752.0,307.0,1580.0,41.83908700852653,-87.71400209568442
SOUTH LAWNDALE,2016,54.0,239.0,168.0,1904.0,249.0,1809.0,41.83908700852653,-87.71400209568442
SOUTH LAWNDALE,2017,68.0,138.0,182.0,1946.0,314.0,1635.0,41.83908700852653,-87.71400209568442
SOUTH LAWNDALE,2018,62.0,176.0,273.0,1838.0,345.0,1637.0,41.83908700852653,-87.71400209568442
SOUTH LAWNDALE,2019,70.0,169.0,334.0,1704.0,434.0,1549.0,41.83908700852653,-87.71400209568442
SOUTH LAWNDALE,2020,54.0,196.0,129.0,1275.0,382.0,1363.0,41.83908700852653,-87.71400209568442
SOUTH LAWNDALE,2021,31.0,193.0,41.0,1208.0,288.0,1369.0,41.83908700852653,-87.71400209568442
SOUTH LAWNDALE,2022,56.0,187.0,65.0,1408.0,345.0,1517.0,41.83908700852653,-87.71400209568442
SOUTH LAWNDALE,2023,33.0,206.0,73.0,1720.0,399.0,1789.0,41.83908700852653,-87.71400209568442
SOUTH SHORE,2014,83.0,385.0,823.0,3449.0,539.0,3101.0,41.76157779644904,-87.57278271472944
SOUTH SHORE,2015,81.0,384.0,578.0,3502.0,467.0,3106.0,41.76157779644904,-87.57278271472944
SOUTH SHORE,2016,65.0,387.0,260.0,3113.0,375.0,3268.0,41.76157779644904,-87.57278271472944
SOUTH SHORE,2017,86.0,424.0,224.0,3197.0,454.0,3468.0,41.76157779644904,-87.57278271472944
SOUTH SHORE,2018,85.0,410.0,312.0,3309.0,496.0,3188.0,41.76157779644904,-87.57278271472944
SOUTH SHORE,2019,97.0,400.0,395.0,3219.0,595.0,3212.0,41.76157779644904,-87.57278271472944
SOUTH SHORE,2020,71.0,392.0,180.0,2952.0,481.0,3101.0,41.76157779644904,-87.57278271472944
SOUTH SHORE,2021,77.0,415.0,60.0,2675.0,456.0,3071.0,41.76157779644904,-87.57278271472944
SOUTH SHORE,2022,80.0,283.0,85.0,3803.0,508.0,2964.0,41.76157779644904,-87.57278271472944
SOUTH SHORE,2023,74.0,327.0,63.0,4150.0,483.0,3087.0,41.76157779644904,-87.57278271472944
UPTOWN,2014,21.0,268.0,522.0,1525.0,255.0,964.0,41.96581207771316,-87.65587931915148
UPTOWN,2015,35.0,298.0,263.0,1459.0,213.0,1063.0,41.96581207771316,-87.65587931915148
UPTOWN,2016,21.0,356.0,112.0,1556.0,185.0,1108.0,41.96581207771316,-87.65587931915148
UPTOWN,2017,18.0,396.0,68.0,1566.0,186.0,1090.0,41.96581207771316,-87.65587931915148
UPTOWN,2018,26.0,371.0,65.0,1578.0,196.0,1115.0,41.96581207771316,-87.65587931915148
UPTOWN,2019,17.0,408.0,57.0,1398.0,170.0,1063.0,41.96581207771316,-87.65587931915148
UPTOWN,2020,18.0,367.0,43.0,1276.0,125.0,916.0,41.96581207771316,-87.65587931915148
UPTOWN,2021,16.0,330.0,24.0,1281.0,106.0,1129.0,41.96581207771316,-87.65587931915148
UPTOWN,2022,10.0,332.0,21.0,1959.0,143.0,1116.0,41.96581207771316,-87.65587931915148
UPTOWN,2023,16.0,371.0,43.0,2349.0,212.0,1366.0,41.96581207771316,-87.65587931915148
WASHINGTON HEIGHTS,2014,34.0,183.0,291.0,1298.0,200.0,930.0,41.71749388292614,-87.64889548780167
WASHINGTON HEIGHTS,2015,27.0,206.0,239.0,1185.0,161.0,993.0,41.71749388292614,-87.64889548780167
WASHINGTON HEIGHTS,2016,53.0,193.0,129.0,1343.0,167.0,990.0,41.71749388292614,-87.64889548780167
WASHINGTON HEIGHTS,2017,42.0,162.0,68.0,1321.0,176.0,999.0,41.71749388292614,-87.64889548780167
WASHINGTON HEIGHTS,2018,33.0,208.0,73.0,1300.0,210.0,996.0,41.71749388292614,-87.64889548780167
WASHINGTON HEIGHTS,2019,37.0,214.0,136.0,1266.0,241.0,1055.0,41.71749388292614,-87.64889548780167
WASHINGTON HEIGHTS,2020,45.0,260.0,46.0,1021.0,179.0,866.0,41.71749388292614,-87.64889548780167
WASHINGTON HEIGHTS,2021,21.0,212.0,48.0,930.0,195.0,863.0,41.71749388292614,-87.64889548780167
WASHINGTON HEIGHTS,2022,31.0,148.0,26.0,1413.0,160.0,882.0,41.71749388292614,-87.64889548780167
WASHINGTON HEIGHTS,2023,30.0,152.0,40.0,1612.0,176.0,961.0,41.71749388292614,-87.64889548780167
WASHINGTON PARK,2014,27.0,82.0,281.0,1030.0,181.0,1110.0,41.79235756859052,-87.61793123308573
WASHINGTON PARK,2015,25.0,86.0,126.0,1034.0,146.0,1054.0,41.79235756859052,-87.61793123308573
WASHINGTON PARK,2016,18.0,108.0,98.0,1036.0,125.0,1106.0,41.79235756859052,-87.61793123308573
WASHINGTON PARK,2017,28.0,96.0,49.0,1025.0,143.0,1124.0,41.79235756859052,-87.61793123308573
WASHINGTON PARK,2018,27.0,105.0,49.0,1111.0,148.0,1059.0,41.79235756859052,-87.61793123308573
WASHINGTON PARK,2019,24.0,85.0,126.0,824.0,147.0,872.0,41.79235756859052,-87.61793123308573
WASHINGTON PARK,2020,25.0,113.0,38.0,703.0,124.0,811.0,41.79235756859052,-87.61793123308573
WASHINGTON PARK,2021,20.0,120.0,19.0,671.0,136.0,808.0,41.79235756859052,-87.61793123308573
WASHINGTON PARK,2022,30.0,68.0,28.0,961.0,146.0,808.0,41.79235756859052,-87.61793123308573
WASHINGTON PARK,2023,23.0,128.0,25.0,1135.0,187.0,952.0,41.79235756859052,-87.61793123308573
WEST ELSDON,2014,4.0,75.0,45.0,517.0,46.0,207.0,41.79298198528588,-87.72420790440165
WEST ELSDON,2015,6.0,72.0,45.0,511.0,58.0,246.0,41.79298198528588,-87.72420790440165
WEST ELSDON,2016,10.0,70.0,16.0,588.0,51.0,261.0,41.79298198528588,-87.72420790440165
WEST ELSDON,2017,4.0,70.0,19.0,509.0,27.0,242.0,41.79298198528588,-87.72420790440165
WEST ELSDON,2018,15.0,62.0,25.0,486.0,41.0,219.0,41.79298198528588,-87.72420790440165
WEST ELSDON,2019,16.0,45.0,33.0,398.0,51.0,250.0,41.79298198528588,-87.72420790440165
WEST ELSDON,2020,5.0,64.0,11.0,272.0,54.0,208.0,41.79298198528588,-87.72420790440165
WEST ELSDON,2021,3.0,72.0,8.0,300.0,37.0,198.0,41.79298198528588,-87.72420790440165
WEST ELSDON,2022,9.0,90.0,7.0,379.0,58.0,232.0,41.79298198528588,-87.72420790440165
WEST ELSDON,2023,8.0,83.0,8.0,517.0,65.0,286.0,41.79298198528588,-87.72420790440165
WEST ENGLEWOOD,2014,57.0,227.0,1043.0,2544.0,624.0,2738.0,41.77593028944098,-87.66659636148363
WEST ENGLEWOOD,2015,69.0,243.0,896.0,2266.0,575.0,2536.0,41.77593028944098,-87.66659636148363
WEST ENGLEWOOD,2016,62.0,256.0,530.0,2456.0,519.0,2710.0,41.77593028944098,-87.66659636148363
WEST ENGLEWOOD,2017,68.0,257.0,504.0,2346.0,642.0,2597.0,41.77593028944098,-87.66659636148363
WEST ENGLEWOOD,2018,75.0,237.0,454.0,2343.0,676.0,2704.0,41.77593028944098,-87.66659636148363
WEST ENGLEWOOD,2019,80.0,239.0,416.0,2100.0,630.0,2672.0,41.77593028944098,-87.66659636148363
WEST ENGLEWOOD,2020,58.0,210.0,245.0,1896.0,631.0,2307.0,41.77593028944098,-87.66659636148363
WEST ENGLEWOOD,2021,61.0,191.0,130.0,1653.0,471.0,2033.0,41.77593028944098,-87.66659636148363
WEST ENGLEWOOD,2022,44.0,154.0,88.0,1864.0,439.0,1842.0,41.77593028944098,-87.66659636148363
WEST ENGLEWOOD,2023,25.0,183.0,184.0,1825.0,459.0,1762.0,41.77593028944098,-87.66659636148363
WEST GARFIELD PARK,2014,30.0,262.0,2156.0,1238.0,538.0,1561.0,41.87859466819959,-87.73023251189852
WEST GARFIELD PARK,2015,30.0,145.0,1872.0,1151.0,552.0,1667.0,41.87859466819959,-87.73023251189852
WEST GARFIELD PARK,2016,37.0,161.0,1412.0,1399.0,504.0,1860.0,41.87859466819959,-87.73023251189852
WEST GARFIELD PARK,2017,28.0,168.0,986.0,1415.0,535.0,1843.0,41.87859466819959,-87.73023251189852
WEST GARFIELD PARK,2018,34.0,177.0,1042.0,1463.0,617.0,1875.0,41.87859466819959,-87.73023251189852
WEST GARFIELD PARK,2019,34.0,227.0,1705.0,1296.0,690.0,1823.0,41.87859466819959,-87.73023251189852
WEST GARFIELD PARK,2020,23.0,144.0,846.0,1275.0,565.0,1756.0,41.87859466819959,-87.73023251189852
WEST GARFIELD PARK,2021,33.0,123.0,551.0,1137.0,460.0,1510.0,41.87859466819959,-87.73023251189852
WEST GARFIELD PARK,2022,21.0,114.0,349.0,1227.0,477.0,1375.0,41.87859466819959,-87.73023251189852
WEST GARFIELD PARK,2023,22.0,132.0,462.0,1220.0,346.0,1496.0,41.87859466819959,-87.73023251189852
WEST LAWN,2014,18.0,98.0,98.0,1236.0,62.0,383.0,41.76977903154135,-87.72692933445079
WEST LAWN,2015,23.0,102.0,64.0,1176.0,50.0,432.0,41.76977903154135,-87.72692933445079
WEST LAWN,2016,28.0,141.0,43.0,1168.0,51.0,512.0,41.76977903154135,-87.72692933445079
WEST LAWN,2017,30.0,120.0,51.0,970.0,65.0,455.0,41.76977903154135,-87.72692933445079
WEST LAWN,2018,21.0,94.0,36.0,928.0,69.0,456.0,41.76977903154135,-87.72692933445079
WEST LAWN,2019,17.0,107.0,29.0,812.0,81.0,473.0,41.76977903154135,-87.72692933445079
WEST LAWN,2020,25.0,143.0,23.0,546.0,54.0,336.0,41.76977903154135,-87.72692933445079
WEST LAWN,2021,20.0,138.0,4.0,533.0,41.0,387.0,41.76977903154135,-87.72692933445079
WEST LAWN,2022,7.0,151.0,9.0,739.0,85.0,423.0,41.76977903154135,-87.72692933445079
WEST LAWN,2023,16.0,108.0,9.0,973.0,104.0,417.0,41.76977903154135,-87.72692933445079
WEST PULLMAN,2014,46.0,154.0,434.0,1603.0,318.0,1446.0,41.67382005041712,-87.63574016612793
WEST PULLMAN,2015,43.0,137.0,291.0,1474.0,256.0,1354.0,41.67382005041712,-87.63574016612793
WEST PULLMAN,2016,43.0,173.0,165.0,1461.0,238.0,1385.0,41.67382005041712,-87.63574016612793
WEST PULLMAN,2017,40.0,171.0,143.0,1418.0,309.0,1452.0,41.67382005041712,-87.63574016612793
WEST PULLMAN,2018,58.0,176.0,150.0,1421.0,365.0,1385.0,41.67382005041712,-87.63574016612793
WEST PULLMAN,2019,42.0,190.0,166.0,1330.0,358.0,1346.0,41.67382005041712,-87.63574016612793
WEST PULLMAN,2020,45.0,220.0,84.0,1472.0,340.0,1344.0,41.67382005041712,-87.63574016612793
WEST PULLMAN,2021,38.0,196.0,32.0,1337.0,361.0,1235.0,41.67382005041712,-87.63574016612793
WEST PULLMAN,2022,34.0,138.0,41.0,1482.0,302.0,1053.0,41.67382005041712,-87.63574016612793
WEST PULLMAN,2023,42.0,164.0,49.0,1539.0,323.0,1137.0,41.67382005041712,-87.63574016612793
WEST RIDGE,2014,29.0,188.0,171.0,1625.0,153.0,925.0,42.001572146349325,-87.69501265887241
WEST RIDGE,2015,37.0,174.0,158.0,1442.0,145.0,812.0,42.001572146349325,-87.69501265887241
WEST RIDGE,2016,40.0,270.0,86.0,1503.0,144.0,902.0,42.001572146349325,-87.69501265887241
WEST RIDGE,2017,31.0,277.0,51.0,1750.0,167.0,949.0,42.001572146349325,-87.69501265887241
WEST RIDGE,2018,29.0,262.0,50.0,1634.0,133.0,1020.0,42.001572146349325,-87.69501265887241
WEST RIDGE,2019,39.0,310.0,72.0,1610.0,165.0,902.0,42.001572146349325,-87.69501265887241
WEST RIDGE,2020,22.0,327.0,47.0,1394.0,104.0,892.0,42.001572146349325,-87.69501265887241
WEST RIDGE,2021,19.0,371.0,17.0,1322.0,92.0,821.0,42.001572146349325,-87.69501265887241
WEST RIDGE,2022,19.0,497.0,36.0,1851.0,139.0,988.0,42.001572146349325,-87.69501265887241
WEST RIDGE,2023,28.0,388.0,41.0,1907.0,124.0,1082.0,42.001572146349325,-87.69501265887241
WEST TOWN,2014,41.0,391.0,177.0,4507.0,248.0,1661.0,41.9012067343156,-87.67635712603919
WEST TOWN,2015,24.0,372.0,186.0,4319.0,229.0,1511.0,41.9012067343156,-87.67635712603919
WEST TOWN,2016,22.0,506.0,88.0,5174.0,260.0,1833.0,41.9012067343156,-87.67635712603919
WEST TOWN,2017,41.0,587.0,79.0,5063.0,261.0,1899.0,41.9012067343156,-87.67635712603919
WEST TOWN,2018,21.0,557.0,59.0,4267.0,281.0,1677.0,41.9012067343156,-87.67635712603919
WEST TOWN,2019,22.0,630.0,85.0,4148.0,280.0,1705.0,41.9012067343156,-87.67635712603919
WEST TOWN,2020,24.0,461.0,41.0,2916.0,193.0,1256.0,41.9012067343156,-87.67635712603919
WEST TOWN,2021,23.0,388.0,56.0,2979.0,216.0,1512.0,41.9012067343156,-87.67635712603919
WEST TOWN,2022,26.0,449.0,71.0,4291.0,265.0,1630.0,41.9012067343156,-87.67635712603919
WEST TOWN,2023,24.0,485.0,60.0,4873.0,268.0,1889.0,41.9012067343156,-87.67635712603919
WOODLAWN,2014,30.0,172.0,394.0,1477.0,351.0,1488.0,41.77887641064269,-87.59492536136263
WOODLAWN,2015,32.0,137.0,220.0,1507.0,267.0,1401.0,41.77887641064269,-87.59492536136263
WOODLAWN,2016,38.0,158.0,139.0,1504.0,203.0,1454.0,41.77887641064269,-87.59492536136263
WOODLAWN,2017,43.0,149.0,108.0,1601.0,229.0,1594.0,41.77887641064269,-87.59492536136263
WOODLAWN,2018,41.0,161.0,156.0,1319.0,246.0,1432.0,41.77887641064269,-87.59492536136263
WOODLAWN,2019,55.0,200.0,164.0,1276.0,284.0,1525.0,41.77887641064269,-87.59492536136263
WOODLAWN,2020,43.0,158.0,60.0,1137.0,231.0,1243.0,41.77887641064269,-87.59492536136263
WOODLAWN,2021,38.0,171.0,28.0,1076.0,250.0,1182.0,41.77887641064269,-87.59492536136263
WOODLAWN,2022,38.0,130.0,24.0,1531.0,252.0,1230.0,41.77887641064269,-87.59492536136263
WOODLAWN,2023,39.0,135.0,45.0,1895.0,280.0,1296.0,41.77887641064269,-87.59492536136263
