GEOG,TOT_POP,MEDINC,TOT_EMP_RES,year_data
Addison,36977.0,59104.0,14388.0,2014
Algonquin,29924.0,100269.0,13855.0,2014
Alsip,19264.0,53487.0,10023.0,2014
Antioch,14185.0,88504.0,6437.0,2014
Arlington Heights,75221.0,77121.0,34924.0,2014
Aurora,196569.0,62589.0,68131.0,2014
Bannockburn,1456.0,166563.0,353.0,2014
Barrington,10739.0,106127.0,3935.0,2014
Barrington Hills,3938.0,114213.0,1243.0,2014
Bartlett,41017.0,96127.0,23084.0,2014
Batavia,25693.0,90060.0,12619.0,2014
Beach Park,13482.0,68967.0,4740.0,2014
Bedford Park,624.0,63618.0,208.0,2014
Beecher,4658.0,84115.0,1872.0,2014
Bellwood,19105.0,54047.0,7454.0,2014
Bensenville,18480.0,58043.0,6892.0,2014
Berkeley,5189.0,62644.0,2234.0,2014
Berwyn,56376.0,51192.0,21746.0,2014
Big Rock,1038.0,63750.0,513.0,2014
Bloomingdale,22028.0,71075.0,10869.0,2014
Blue Island,23457.0,42721.0,8840.0,2014
Bolingbrook,73383.0,80112.0,30532.0,2014
Braceville,848.0,56667.0,,2014
Braidwood,6047.0,56524.0,2725.0,2014
Bridgeview,16394.0,50727.0,6773.0,2014
Broadview,7938.0,49750.0,3204.0,2014
Brookfield,18812.0,71360.0,9111.0,2014
Buffalo Grove,41667.0,93567.0,21094.0,2014
Bull Valley,1003.0,119861.0,483.0,2014
Burbank,28851.0,56617.0,11247.0,2014
Burlington,547.0,60231.0,327.0,2014
Burnham,4208.0,39871.0,1202.0,2014
Burr Ridge,10590.0,133188.0,4776.0,2014
Calumet City,37070.0,41244.0,10828.0,2014
Calumet Park,7913.0,44874.0,3155.0,2014
Campton Hills,10985.0,128633.0,4901.0,2014
Carol Stream,39869.0,73705.0,20519.0,2014
Carpentersville,37758.0,55000.0,13630.0,2014
Cary,18202.0,101051.0,9870.0,2014
Channahon,12377.0,89559.0,4544.0,2014
Chicago,2702471.0,47408.0,989956.0,2014
Chicago Heights,30328.0,42959.0,9277.0,2014
Chicago Ridge,14303.0,49694.0,5299.0,2014
Cicero,83756.0,45656.0,23081.0,2014
Clarendon Hills,8434.0,105278.0,3498.0,2014
Coal City,5346.0,57269.0,,2014
Country Club Hills,16540.0,61944.0,4373.0,2014
Countryside,5905.0,60916.0,2589.0,2014
Crest Hill,20724.0,48745.0,7786.0,2014
Crestwood,10951.0,55188.0,4990.0,2014
Crete,8336.0,70963.0,3331.0,2014
Crystal Lake,40867.0,78311.0,18698.0,2014
Darien,22163.0,74206.0,9213.0,2014
Deerfield,18452.0,129187.0,7294.0,2014
Deer Park,3220.0,144881.0,1588.0,2014
Des Plaines,58302.0,65194.0,26658.0,2014
Diamond,2648.0,59853.0,,2014
Dixmoor,3643.0,40594.0,1424.0,2014
Dolton,23230.0,53161.0,8424.0,2014
Downers Grove,48621.0,82181.0,22896.0,2014
East Dundee,2886.0,68576.0,1710.0,2014
East Hazel Crest,1853.0,44655.0,297.0,2014
Elburn,5595.0,81758.0,2331.0,2014
Elgin,109513.0,58487.0,42149.0,2014
Elk Grove Village,33166.0,67983.0,15968.0,2014
Elmhurst,44385.0,94424.0,20132.0,2014
Elmwood Park,24876.0,56396.0,10486.0,2014
Elwood,2216.0,68942.0,1211.0,2014
Evanston,74619.0,68051.0,31252.0,2014
Evergreen Park,19852.0,65980.0,8754.0,2014
Flossmoor,9387.0,106250.0,4409.0,2014
Ford Heights,2787.0,21994.0,867.0,2014
Forest Park,14194.0,50700.0,6621.0,2014
Forest View,804.0,65096.0,406.0,2014
Fox Lake,10768.0,54920.0,4997.0,2014
Fox River Grove,4729.0,90701.0,1646.0,2014
Frankfort,17787.0,114972.0,8828.0,2014
Franklin Park,18333.0,56098.0,7566.0,2014
Geneva,21588.0,93385.0,11284.0,2014
Gilberts,6786.0,107930.0,3416.0,2014
Glencoe,8728.0,184028.0,3194.0,2014
Glendale Heights,34159.0,62208.0,16415.0,2014
Glen Ellyn,27503.0,90640.0,10980.0,2014
Glenview,44478.0,99841.0,18586.0,2014
Glenwood,9033.0,57092.0,3278.0,2014
Godley,755.0,38750.0,383.0,2014
Golf,590.0,170577.0,302.0,2014
Grayslake,20943.0,95559.0,10929.0,2014
Green Oaks,3852.0,154737.0,1215.0,2014
Greenwood,278.0,65625.0,,2014
Gurnee,31222.0,83750.0,13269.0,2014
Hainesville,3519.0,82401.0,1481.0,2014
Hampshire,6174.0,73283.0,2074.0,2014
Hanover Park,37990.0,70067.0,17461.0,2014
Harvard,9172.0,37646.0,4272.0,2014
Harvey,24959.0,28123.0,8236.0,2014
Harwood Heights,8573.0,46553.0,3731.0,2014
Hawthorn Woods,7451.0,157792.0,2604.0,2014
Hazel Crest,14341.0,50947.0,4397.0,2014
Hebron,1082.0,49063.0,530.0,2014
Hickory Hills,14355.0,56956.0,5444.0,2014
Highland Park,29909.0,115321.0,10255.0,2014
Highwood,5396.0,58721.0,1330.0,2014
Hillside,8136.0,52395.0,3224.0,2014
Hinsdale,16594.0,165598.0,6398.0,2014
Hodgkins,2405.0,45114.0,682.0,2014
Hoffman Estates,52066.0,81105.0,24514.0,2014
Holiday Hills,686.0,55000.0,182.0,2014
Homer Glen,24428.0,97848.0,11642.0,2014
Hometown,4346.0,49094.0,1819.0,2014
Homewood,19526.0,69835.0,6786.0,2014
Huntley,23897.0,70524.0,8499.0,2014
Indian Creek,526.0,118173.0,125.0,2014
Indian Head Park,3807.0,72978.0,1183.0,2014
Inverness,7457.0,151707.0,3172.0,2014
Island Lake,8114.0,67432.0,4700.0,2014
Itasca,8494.0,77368.0,4517.0,2014
Johnsburg,6325.0,78963.0,1879.0,2014
Joliet,147098.0,61948.0,60976.0,2014
Justice,12877.0,47387.0,4585.0,2014
Kaneville,457.0,84375.0,214.0,2014
Kenilworth,2669.0,229792.0,894.0,2014
Kildeer,3952.0,159609.0,1847.0,2014
La Grange,15563.0,97425.0,7467.0,2014
La Grange Park,13552.0,66826.0,5268.0,2014
Lake Barrington,4870.0,93013.0,1778.0,2014
Lake Bluff,6214.0,146500.0,2499.0,2014
Lake Forest,19068.0,136583.0,6973.0,2014
Lake in the Hills,28894.0,85429.0,17283.0,2014
Lakemoor,6415.0,76514.0,2274.0,2014
Lake Villa,8827.0,89313.0,3522.0,2014
Lakewood,4184.0,124778.0,1158.0,2014
Lake Zurich,19679.0,109299.0,9229.0,2014
Lansing,28270.0,51637.0,11505.0,2014
Lemont,15954.0,88662.0,6833.0,2014
Libertyville,20388.0,102523.0,8572.0,2014
Lily Lake,1024.0,100192.0,288.0,2014
Lincolnshire,7228.0,109783.0,2925.0,2014
Lincolnwood,12538.0,91250.0,5248.0,2014
Lindenhurst,14415.0,96796.0,7419.0,2014
Lisbon,316.0,63250.0,128.0,2014
Lisle,22453.0,72440.0,10035.0,2014
Lockport,24672.0,77220.0,11456.0,2014
Lombard,43180.0,71721.0,20172.0,2014
Long Grove,8031.0,191522.0,3133.0,2014
Lynwood,9042.0,53944.0,3408.0,2014
Lyons,10651.0,54685.0,4453.0,2014
McCook,304.0,59167.0,67.0,2014
McCullom Lake,1054.0,55435.0,914.0,2014
McHenry,26862.0,67740.0,10440.0,2014
Manhattan,6456.0,76474.0,3531.0,2014
Maple Park,1240.0,63409.0,338.0,2014
Marengo,7675.0,58766.0,3958.0,2014
Markham,12514.0,44730.0,3875.0,2014
Matteson,18692.0,66847.0,6503.0,2014
Maywood,24177.0,43869.0,8431.0,2014
Melrose Park,25241.0,44691.0,9175.0,2014
Merrionette Park,2088.0,39071.0,653.0,2014
Mettawa,502.0,138229.0,641.0,2014
Midlothian,14788.0,60829.0,5706.0,2014
Millbrook,271.0,98750.0,136.0,2014
Millington,768.0,62000.0,100.0,2014
Minooka,10548.0,88486.0,2052.0,2014
Mokena,18424.0,103678.0,9115.0,2014
Monee,5099.0,67371.0,2155.0,2014
Montgomery,18123.0,73406.0,8072.0,2014
Morton Grove,23194.0,72204.0,11363.0,2014
Mount Prospect,54144.0,68375.0,24867.0,2014
Mundelein,31506.0,80082.0,13561.0,2014
Naperville,142143.0,108252.0,61480.0,2014
Newark,932.0,67750.0,432.0,2014
New Lenox,24369.0,90833.0,13277.0,2014
Niles,29720.0,45546.0,12050.0,2014
Norridge,14656.0,55096.0,6932.0,2014
North Aurora,16231.0,79136.0,6724.0,2014
North Barrington,3313.0,152917.0,1098.0,2014
Northbrook,33095.0,109241.0,15195.0,2014
North Chicago,31677.0,45684.0,8183.0,2014
Northfield,5234.0,116378.0,2710.0,2014
Northlake,12287.0,56005.0,4968.0,2014
North Riverside,6920.0,53630.0,2877.0,2014
Oak Brook,7905.0,131458.0,2479.0,2014
Oakbrook Terrace,2205.0,62454.0,1083.0,2014
Oak Forest,27922.0,69048.0,13980.0,2014
Oak Lawn,56524.0,57428.0,23101.0,2014
Oak Park,51781.0,75118.0,23252.0,2014
Oakwood Hills,2266.0,84728.0,1252.0,2014
Old Mill Creek,144.0,72857.0,48.0,2014
Olympia Fields,4823.0,79762.0,1682.0,2014
Orland Hills,7118.0,78500.0,3587.0,2014
Orland Park,56607.0,77863.0,24103.0,2014
Oswego,30302.0,96819.0,14414.0,2014
Palatine,68338.0,73811.0,31172.0,2014
Palos Heights,12446.0,76436.0,6078.0,2014
Palos Hills,17458.0,55221.0,6700.0,2014
Palos Park,4805.0,81970.0,2655.0,2014
Park City,7383.0,41901.0,2572.0,2014
Park Forest,22424.0,47062.0,9234.0,2014
Park Ridge,37266.0,86621.0,16438.0,2014
Peotone,4703.0,77398.0,1839.0,2014
Phoenix,1889.0,28289.0,739.0,2014
Pingree Grove,4425.0,74837.0,2147.0,2014
Plainfield,39030.0,111637.0,16957.0,2014
Plano,10602.0,62563.0,4739.0,2014
Plattville,233.0,66667.0,,2014
Port Barrington,1610.0,107404.0,550.0,2014
Posen,5975.0,49400.0,1344.0,2014
Prairie Grove,1787.0,121635.0,1199.0,2014
Prospect Heights,16228.0,61500.0,7599.0,2014
Richmond,2092.0,52500.0,868.0,2014
Richton Park,13568.0,60516.0,5584.0,2014
Ringwood,833.0,84750.0,242.0,2014
Riverdale,13552.0,40650.0,4363.0,2014
River Forest,11174.0,121250.0,4242.0,2014
River Grove,10224.0,47584.0,4151.0,2014
Riverside,8859.0,95156.0,3799.0,2014
Riverwoods,3854.0,166579.0,1032.0,2014
Robbins,5132.0,21765.0,1996.0,2014
Rockdale,1909.0,51898.0,861.0,2014
Rolling Meadows,23645.0,60409.0,10606.0,2014
Romeoville,39175.0,70541.0,15403.0,2014
Roselle,22814.0,76878.0,12107.0,2014
Rosemont,3499.0,35461.0,1777.0,2014
Round Lake,17773.0,80954.0,8050.0,2014
Round Lake Beach,28133.0,60864.0,11016.0,2014
Round Lake Heights,2818.0,64038.0,814.0,2014
Round Lake Park,7382.0,43085.0,2417.0,2014
St. Charles,33046.0,80310.0,15029.0,2014
Sandwich,7563.0,58583.0,74.0,2014
Sauk Village,10473.0,50841.0,2377.0,2014
Schaumburg,74276.0,70060.0,36254.0,2014
Schiller Park,11782.0,41862.0,5144.0,2014
Shorewood,15611.0,87263.0,5676.0,2014
Skokie,64588.0,67030.0,28631.0,2014
Sleepy Hollow,3348.0,90031.0,1736.0,2014
South Barrington,4738.0,166250.0,2170.0,2014
South Chicago Heights,4123.0,48958.0,1506.0,2014
South Elgin,21873.0,84061.0,9840.0,2014
South Holland,21994.0,64285.0,7652.0,2014
Spring Grove,5452.0,100231.0,3261.0,2014
Steger,9629.0,43024.0,3854.0,2014
Stickney,6731.0,43832.0,2384.0,2014
Stone Park,4942.0,44886.0,1522.0,2014
Streamwood,40201.0,71306.0,17523.0,2014
Sugar Grove,8831.0,108021.0,4272.0,2014
Summit,11166.0,49070.0,3445.0,2014
Symerton,67.0,50000.0,36.0,2014
Third Lake,1448.0,119500.0,371.0,2014
Thornton,2718.0,52156.0,628.0,2014
Tinley Park,56340.0,77989.0,25658.0,2014
Tower Lakes,1430.0,148125.0,343.0,2014
Trout Valley,584.0,123750.0,,2014
Union,719.0,55938.0,201.0,2014
University Park,7034.0,48173.0,2451.0,2014
Vernon Hills,25144.0,90161.0,12220.0,2014
Villa Park,22212.0,68812.0,10132.0,2014
Virgil,375.0,85417.0,154.0,2014
Volo,2996.0,85868.0,1126.0,2014
Wadsworth,3783.0,94625.0,1909.0,2014
Warrenville,13346.0,71949.0,5726.0,2014
Wauconda,12960.0,74552.0,6629.0,2014
Waukegan,88982.0,46256.0,30118.0,2014
Wayne,2760.0,151875.0,1437.0,2014
Westchester,16684.0,69989.0,7536.0,2014
West Chicago,27079.0,65111.0,11663.0,2014
West Dundee,7307.0,76786.0,3488.0,2014
Western Springs,12853.0,137331.0,6193.0,2014
Westmont,25101.0,60149.0,10549.0,2014
Wheaton,53155.0,86074.0,24450.0,2014
Wheeling,37575.0,57364.0,15510.0,2014
Willowbrook,8575.0,58798.0,4231.0,2014
Willow Springs,5455.0,70972.0,2160.0,2014
Wilmette,27202.0,130088.0,10956.0,2014
Wilmington,5918.0,58488.0,2719.0,2014
Winfield,9168.0,95869.0,4971.0,2014
Winnetka,12210.0,203995.0,4223.0,2014
Winthrop Harbor,6752.0,71890.0,3415.0,2014
Wonder Lake,3672.0,80461.0,1894.0,2014
Wood Dale,13778.0,62345.0,6313.0,2014
Woodridge,32926.0,76218.0,17478.0,2014
Woodstock,24781.0,56479.0,10227.0,2014
Worth,10787.0,55669.0,4932.0,2014
Yorkville,17055.0,80570.0,7602.0,2014
Zion,24400.0,50807.0,9713.0,2014
Albany Park,54018.0,50085.24833,16850.0,2015
Archer Heights,14106.0,43759.61538,4620.0,2015
Armour Square,14176.0,24101.0274,4599.0,2015
Ashburn,42821.0,67286.12167,15541.0,2015
Auburn Gresham,48934.0,29167.30769,13475.0,2015
Austin,97997.0,31912.19614,31388.0,2015
Avalon Park,9925.0,45896.0177,3317.0,2015
Avondale,40262.0,44727.12238,14324.0,2015
Belmont Cragin,78229.0,42490.18838,25062.0,2015
Beverly,21762.0,91282.7641,10441.0,2015
Bridgeport,32583.0,42572.76507,11805.0,2015
Brighton Park,43567.0,36517.27862,11765.0,2015
Burnside,2837.0,18685.56701,821.0,2015
Calumet Heights,13854.0,55702.47934,4529.0,2015
Chatham,31924.0,31976.0274,9549.0,2015
Chicago Lawn,55598.0,33981.25509,15228.0,2015
Clearing,23399.0,57734.20479,10010.0,2015
Douglas,19074.0,33574.76636,5953.0,2015
Dunning,42405.0,60369.97319,18354.0,2015
East Garfield Park,20696.0,25196.93654,6011.0,2015
East Side,23494.0,43198.92473,7270.0,2015
Edgewater,55548.0,44299.35012,24923.0,2015
Edison Park,10735.0,80230.38605,5370.0,2015
Englewood,28361.0,19168.25095,7542.0,2015
Forest Glen,18732.0,92331.67082,8892.0,2015
Fuller Park,2867.0,16965.64885,754.0,2015
Gage Park,39580.0,37321.42857,9748.0,2015
Garfield Ridge,34672.0,62946.80111,13756.0,2015
Grand Boulevard,22386.0,30523.25581,6736.0,2015
Greater Grand Crossing,32804.0,27865.13158,9395.0,2015
Hegewisch,9854.0,48177.57009,3971.0,2015
Hermosa,25265.0,38477.40668,6985.0,2015
Humboldt Park,52788.0,30580.13766,16063.0,2015
Hyde Park,26831.0,47864.17323,10200.0,2015
Irving Park,56841.0,48078.1759,20791.0,2015
Jefferson Park,27212.0,60412.17672,12546.0,2015
Kenwood,18021.0,37056.45161,6596.0,2015
Lake View,96541.0,73364.38704,53406.0,2015
Lincoln Park,65889.0,87382.17652,31523.0,2015
Lincoln Square,38667.0,61121.27548,19227.0,2015
Logan Square,73002.0,53148.97413,32596.0,2015
Lower West Side,35353.0,35689.75904,10306.0,2015
McKinley Park,16538.0,41618.85246,5149.0,2015
Montclare,12333.0,43738.73874,4607.0,2015
Morgan Park,23584.0,63541.66667,8330.0,2015
Mount Greenwood,18397.0,88023.88935,9340.0,2015
Near North Side,83215.0,81459.45725,38971.0,2015
Near South Side,21042.0,73763.17771,10805.0,2015
Near West Side,55877.0,67446.35673,24630.0,2015
New City,41689.0,32332.81087,10609.0,2015
North Center,34534.0,87888.9485,17942.0,2015
North Lawndale,36169.0,23066.28057,9247.0,2015
North Park,19218.0,58744.97992,6529.0,2015
Norwood Park,37140.0,68811.57635,17158.0,2015
O'Hare,13890.0,44300.0,5185.0,2015
Oakland,6247.0,21305.66802,1985.0,2015
Portage Park,63589.0,53556.6706,24338.0,2015
Pullman,6934.0,40818.45238,2402.0,2015
Riverdale,7006.0,14008.45865,1288.0,2015
Rogers Park,57165.0,39440.38929,22568.0,2015
Roseland,44495.0,37469.84318,12265.0,2015
South Chicago,29052.0,29748.40256,8098.0,2015
South Deering,15743.0,31482.21344,4591.0,2015
South Lawndale,69951.0,31515.70489,15077.0,2015
South Shore,51868.0,28501.86567,15544.0,2015
The Loop,28614.0,86313.82466,14051.0,2015
Uptown,54449.0,44430.06608,23879.0,2015
Washington Heights,26241.0,40418.5022,8061.0,2015
Washington Park,11530.0,19319.37173,3313.0,2015
West Elsdon,19543.0,46031.97674,5805.0,2015
West Englewood,34632.0,26435.67639,10361.0,2015
West Garfield Park,18724.0,25132.74336,5161.0,2015
West Lawn,33199.0,47639.27577,10676.0,2015
West Pullman,29808.0,35733.47107,9481.0,2015
West Ridge,73305.0,47048.12638,23969.0,2015
West Town,84559.0,69640.22706,39396.0,2015
Woodlawn,21869.0,24735.57692,6873.0,2015
Albany Park,52930.0,53029.6457,17570.0,2016
Archer Heights,13971.0,42211.53846,4612.0,2016
Armour Square,13907.0,23805.24862,4713.0,2016
Ashburn,42809.0,66017.96407,15903.0,2016
Auburn Gresham,47611.0,30000.0,14393.0,2016
Austin,99711.0,31434.91124,33030.0,2016
Avalon Park,10071.0,44583.33333,3392.0,2016
Avondale,39117.0,44447.3342,14908.0,2016
Belmont Cragin,79022.0,43223.47267,26623.0,2016
Beverly,21002.0,92814.37126,9789.0,2016
Bridgeport,31882.0,41819.06615,12907.0,2016
Brighton Park,44130.0,35754.06032,12260.0,2016
Burnside,2618.0,25480.76923,868.0,2016
Calumet Heights,13400.0,52761.62791,4533.0,2016
Chatham,31520.0,33976.74419,9993.0,2016
Chicago Lawn,56293.0,32789.91597,15976.0,2016
Clearing,24452.0,60284.62998,10014.0,2016
Douglas,19430.0,32530.76923,6383.0,2016
Dunning,43053.0,61181.99663,19146.0,2016
East Garfield Park,20262.0,22313.89578,6873.0,2016
East Side,23700.0,43720.62663,7270.0,2016
Edgewater,55276.0,44482.8156,26025.0,2016
Edison Park,10844.0,80651.1471,5978.0,2016
Englewood,27297.0,18959.58084,7205.0,2016
Forest Glen,18501.0,94822.69504,8720.0,2016
Fuller Park,2621.0,17218.04511,877.0,2016
Gage Park,40381.0,37940.95665,10538.0,2016
Garfield Ridge,34724.0,62042.22573,15179.0,2016
Grand Boulevard,22283.0,30917.72152,7696.0,2016
Greater Grand Crossing,32849.0,26076.61823,9094.0,2016
Hegewisch,9377.0,50000.0,3617.0,2016
Hermosa,24836.0,37494.63519,7919.0,2016
Humboldt Park,54515.0,32484.30493,17232.0,2016
Hyde Park,26705.0,48724.87437,10976.0,2016
Irving Park,56490.0,48858.74068,22402.0,2016
Jefferson Park,26975.0,62420.63492,12261.0,2016
Kenwood,18217.0,39631.57895,6751.0,2016
Lake View,97968.0,75959.74147,53440.0,2016
Lincoln Park,65951.0,89279.35943,31426.0,2016
Lincoln Square,39547.0,62536.71072,20199.0,2016
Logan Square,73163.0,55769.06506,34642.0,2016
Lower West Side,34979.0,35115.8147,11481.0,2016
McKinley Park,16449.0,42484.7561,5569.0,2016
Montclare,12887.0,41592.52669,5114.0,2016
Morgan Park,23220.0,61446.85039,9155.0,2016
Mount Greenwood,18357.0,89728.31268,9757.0,2016
Near North Side,84305.0,83626.34787,43261.0,2016
Near South Side,22021.0,74315.21739,10920.0,2016
Near West Side,58899.0,70925.36408,26284.0,2016
New City,41520.0,30769.00238,11961.0,2016
North Center,34815.0,91860.46512,16804.0,2016
North Lawndale,35623.0,23324.59207,10610.0,2016
North Park,18058.0,52590.23355,6666.0,2016
Norwood Park,36651.0,71071.15821,18172.0,2016
O'Hare,14329.0,43702.2293,5231.0,2016
Oakland,6473.0,24841.26984,2206.0,2016
Portage Park,64421.0,55212.82051,26218.0,2016
Pullman,6970.0,38286.51685,2709.0,2016
Riverdale,7190.0,14390.49587,1533.0,2016
Rogers Park,55053.0,37932.09877,21985.0,2016
Roseland,44267.0,38105.9719,12893.0,2016
South Chicago,28550.0,29518.18182,8364.0,2016
South Deering,15570.0,33625.49801,4580.0,2016
South Lawndale,72881.0,31385.56338,16728.0,2016
South Shore,51450.0,27391.3872,15654.0,2016
The Loop,30642.0,90436.02103,15196.0,2016
Uptown,54062.0,44288.14383,25628.0,2016
Washington Heights,26435.0,40607.31132,8647.0,2016
Washington Park,11647.0,22270.91633,3327.0,2016
West Elsdon,19192.0,44883.38192,6275.0,2016
West Englewood,34272.0,27061.45967,9495.0,2016
West Garfield Park,18894.0,25421.12299,5133.0,2016
West Lawn,33477.0,48891.99255,11090.0,2016
West Pullman,28171.0,34154.35746,8479.0,2016
West Ridge,73019.0,48066.74566,25864.0,2016
West Town,85211.0,71267.18213,43802.0,2016
Woodlawn,22817.0,25801.33556,7326.0,2016
Albany Park,52079.0,51968.8498402556,17570.0,2017
Archer Heights,13266.0,43393.536121673,4612.0,2017
Armour Square,14068.0,24336.4611260054,4713.0,2017
Ashburn,42752.0,63573.1622746186,15903.0,2017
Auburn Gresham,45842.0,29388.7147335423,14393.0,2017
Austin,97643.0,31634.3004211511,33030.0,2017
Avalon Park,9780.0,41351.3513513514,3392.0,2017
Avondale,39721.0,44663.323782235,14908.0,2017
Belmont Cragin,79159.0,43533.8484179544,26623.0,2017
Beverly,20815.0,90765.7657657658,9789.0,2017
Bridgeport,33878.0,43056.4924114671,12907.0,2017
Brighton Park,44202.0,36077.4410774411,12260.0,2017
Burnside,2601.0,23632.0754716981,868.0,2017
Calumet Heights,13732.0,49922.9452054795,4533.0,2017
Chatham,31392.0,32221.7465753425,9993.0,2017
Chicago Lawn,55551.0,33121.704745167,15976.0,2017
Clearing,24962.0,60623.9168110919,10014.0,2017
Douglas,20323.0,29184.7826086957,6383.0,2017
Dunning,43025.0,59737.3188405797,19146.0,2017
East Garfield Park,20656.0,21481.9277108434,6873.0,2017
East Side,23784.0,43421.0526315789,7270.0,2017
Edgewater,54873.0,46173.6641221374,26025.0,2017
Edison Park,11208.0,86299.7256515775,5978.0,2017
Englewood,26121.0,19853.7844036697,7205.0,2017
Forest Glen,18459.0,101558.603491272,8720.0,2017
Fuller Park,2543.0,20092.5925925926,877.0,2017
Gage Park,41202.0,38582.3170731707,10538.0,2017
Garfield Ridge,35570.0,60851.4190317195,15179.0,2017
Grand Boulevard,22373.0,30260.2040816327,7696.0,2017
Greater Grand Crossing,32346.0,26515.0523560209,9094.0,2017
Hegewisch,8985.0,50337.8378378378,3617.0,2017
Hermosa,25489.0,39156.9200779727,7919.0,2017
Humboldt Park,55011.0,32073.0247406225,17232.0,2017
Hyde Park,26893.0,51231.9538017324,10976.0,2017
Irving Park,56520.0,51996.7707212056,22402.0,2017
Jefferson Park,27264.0,60471.7484008529,12261.0,2017
Kenwood,17601.0,39157.6086956522,6751.0,2017
Lake View,98212.0,76854.2249145697,53440.0,2017
Lincoln Park,66959.0,94087.1644964124,31426.0,2017
Lincoln Square,40761.0,62933.9762611276,20199.0,2017
Logan Square,73702.0,59216.4009111617,34642.0,2017
Lower West Side,34410.0,36089.7435897436,11481.0,2017
McKinley Park,16336.0,43827.7511961722,5569.0,2017
Montclare,13024.0,43014.9812734082,5114.0,2017
Morgan Park,22924.0,60747.0119521912,9155.0,2017
Mount Greenwood,18783.0,89535.7497517378,9757.0,2017
Near North Side,85711.0,84975.8029036516,43261.0,2017
Near South Side,22401.0,78290.0165016502,10920.0,2017
Near West Side,61768.0,72143.1484502447,26284.0,2017
New City,40997.0,30420.9183673469,11961.0,2017
North Center,34623.0,92663.612565445,16804.0,2017
North Lawndale,35276.0,22383.4853090172,10610.0,2017
North Park,18442.0,51818.1818181818,6666.0,2017
Norwood Park,36247.0,71282.0512820513,18172.0,2017
O'Hare,13695.0,46638.418079096,5231.0,2017
Oakland,6422.0,28435.6725146199,2206.0,2017
Portage Park,64841.0,57030.7082714215,26218.0,2017
Pullman,6501.0,36728.3950617284,2709.0,2017
Riverdale,7090.0,14845.5056179775,1533.0,2017
Rogers Park,54402.0,37223.3400402414,21985.0,2017
Roseland,42505.0,37241.9724770642,12893.0,2017
South Chicago,28095.0,28503.8167938931,8364.0,2017
South Deering,15305.0,35056.0224089636,4580.0,2017
South Lawndale,73826.0,30700.557966522,16728.0,2017
South Shore,51451.0,26425.1730103806,15654.0,2017
The Loop,33442.0,93254.3823038397,15196.0,2017
Uptown,55137.0,45710.6455266138,25628.0,2017
Washington Heights,27116.0,44071.261682243,8647.0,2017
Washington Park,12081.0,22084.7457627119,3327.0,2017
West Elsdon,19219.0,44791.1227154047,6275.0,2017
West Englewood,32156.0,27399.3808049536,9495.0,2017
West Garfield Park,17742.0,23947.3684210526,5133.0,2017
West Lawn,32749.0,50384.167636787,11090.0,2017
West Pullman,27982.0,33898.4375,8479.0,2017
West Ridge,72211.0,46091.2343470483,25864.0,2017
West Town,86429.0,75509.481255449,43802.0,2017
Woodlawn,24150.0,23985.5570839065,7326.0,2017
Albany Park,51575.0,55560.9573672401,17805.0,2018
Archer Heights,13233.0,44948.5596707819,4679.0,2018
Armour Square,13699.0,26543.2098765432,4828.0,2018
Ashburn,43283.0,65498.638529612,16531.0,2018
Auburn Gresham,45770.0,29820.6751054852,14500.0,2018
Austin,97611.0,31919.5475885617,33535.0,2018
Avalon Park,9795.0,37670.9401709402,3262.0,2018
Avondale,38191.0,47714.2857142857,15135.0,2018
Belmont Cragin,78107.0,44795.7271364318,26150.0,2018
Beverly,20836.0,91006.600660066,9791.0,2018
Bridgeport,32789.0,42629.6542553191,13253.0,2018
Brighton Park,44231.0,38673.0969760167,12544.0,2018
Burnside,2442.0,24462.3655913979,842.0,2018
Calumet Heights,13306.0,48160.7142857143,4677.0,2018
Chatham,30991.0,32348.2142857143,9908.0,2018
Chicago Lawn,54265.0,33616.303219107,16455.0,2018
Clearing,25200.0,62908.1632653061,10539.0,2018
Douglas,20559.0,29398.2808022923,6667.0,2018
Dunning,43444.0,61589.5953757225,19324.0,2018
East Garfield Park,20225.0,24000.0,7101.0,2018
East Side,22982.0,42917.8272980501,7491.0,2018
Edgewater,55430.0,47636.4142538976,26824.0,2018
Edison Park,11008.0,90172.5304465494,6114.0,2018
Englewood,26020.0,20111.8925831202,7241.0,2018
Forest Glen,18651.0,108145.734597156,8533.0,2018
Fuller Park,2457.0,22456.1403508772,849.0,2018
Gage Park,40926.0,40195.0867052023,11117.0,2018
Garfield Ridge,35470.0,63129.2517006803,15315.0,2018
Grand Boulevard,22056.0,29686.7612293144,8011.0,2018
Greater Grand Crossing,32461.0,27723.2667450059,9334.0,2018
Hegewisch,9182.0,58333.3333333333,3666.0,2018
Hermosa,24450.0,39289.2768079801,7790.0,2018
Humboldt Park,56248.0,34806.7970204842,17329.0,2018
Hyde Park,26573.0,51482.7586206897,11144.0,2018
Irving Park,55417.0,55953.2467532468,21904.0,2018
Jefferson Park,26755.0,66013.0718954248,12107.0,2018
Kenwood,17074.0,41413.6490250696,7058.0,2018
Lake View,99876.0,82253.8667459845,58002.0,2018
Lincoln Park,67260.0,95416.4297896532,33819.0,2018
Lincoln Square,41483.0,66393.1806073522,20174.0,2018
Logan Square,73757.0,63596.7516590988,35266.0,2018
Lower West Side,32998.0,39020.1465201465,11844.0,2018
McKinley Park,16064.0,43495.5752212389,5549.0,2018
Montclare,13040.0,48626.2376237624,5178.0,2018
Morgan Park,23035.0,59522.1843003413,9419.0,2018
Mount Greenwood,19029.0,91443.9088518843,9969.0,2018
Near North Side,86343.0,88651.1396665137,46703.0,2018
Near South Side,23190.0,87812.7369219105,11501.0,2018
Near West Side,62560.0,75735.7697283312,27817.0,2018
New City,41098.0,30622.7967097532,12133.0,2018
North Center,34942.0,97702.6686807654,17264.0,2018
North Lawndale,35423.0,24003.0211480363,10837.0,2018
North Park,18743.0,54387.7551020408,6515.0,2018
Norwood Park,36164.0,71404.6121593291,18232.0,2018
Oakland,6474.0,28231.1320754717,2325.0,2018
O'Hare,13130.0,49208.8607594937,5389.0,2018
Portage Park,64517.0,58294.6145723337,25907.0,2018
Pullman,6620.0,37165.4929577465,2919.0,2018
Riverdale,7382.0,14286.7647058824,1739.0,2018
Rogers Park,55500.0,37549.1480996068,23090.0,2018
Roseland,42327.0,37067.4300254453,12887.0,2018
South Chicago,27601.0,28824.1678726483,8434.0,2018
South Deering,14635.0,34077.6699029126,4586.0,2018
South Lawndale,73983.0,31766.323024055,16572.0,2018
South Shore,50768.0,25259.7109304426,15916.0,2018
The Loop,35010.0,97979.5831561038,16754.0,2018
Uptown,56296.0,45643.9393939394,26725.0,2018
Washington Heights,27055.0,44491.4040114613,8625.0,2018
Washington Park,11868.0,23742.1875,3446.0,2018
West Elsdon,19958.0,50792.8118393235,6446.0,2018
West Englewood,30798.0,27222.6821192053,9175.0,2018
West Garfield Park,17499.0,22697.5169300226,5318.0,2018
West Lawn,33595.0,50972.850678733,11618.0,2018
West Pullman,27582.0,35410.1123595506,8696.0,2018
West Ridge,73723.0,48700.7168458781,26015.0,2018
West Town,85307.0,80895.6386292835,45126.0,2018
Woodlawn,23808.0,24603.305785124,7504.0,2018
Albany Park,51992.0,58128.20513,17805.0,2019
Archer Heights,13142.0,46632.12435,4679.0,2019
Armour Square,13455.0,26466.21622,4828.0,2019
Ashburn,43792.0,66560.12658,16531.0,2019
Auburn Gresham,46278.0,31694.19134,14500.0,2019
Austin,95260.0,32843.04285,33535.0,2019
Avalon Park,9985.0,41394.23077,3262.0,2019
Avondale,37368.0,51702.6749,15135.0,2019
Belmont Cragin,79910.0,47262.93103,26150.0,2019
Beverly,20822.0,91903.40909,9791.0,2019
Bridgeport,33637.0,45670.73171,13253.0,2019
Brighton Park,44813.0,40513.36898,12544.0,2019
Burnside,2254.0,24940.94488,842.0,2019
Calumet Heights,13188.0,49767.65799,4677.0,2019
Chatham,31120.0,32596.80135,9908.0,2019
Chicago Lawn,53098.0,33843.62348,16455.0,2019
Clearing,25891.0,62381.75676,10539.0,2019
Douglas,20781.0,31906.97674,6667.0,2019
Dunning,43689.0,65947.63092,19324.0,2019
East Garfield Park,19996.0,23116.16162,7101.0,2019
East Side,23737.0,43224.40087,7491.0,2019
Edgewater,55965.0,49287.01181,26824.0,2019
Edison Park,11605.0,99194.21488,6114.0,2019
Englewood,25075.0,19795.0429,7241.0,2019
Forest Glen,19019.0,110365.4791,8533.0,2019
Fuller Park,2439.0,23357.14286,849.0,2019
Gage Park,40873.0,41138.39286,11117.0,2019
Garfield Ridge,36396.0,68211.92053,15315.0,2019
Grand Boulevard,22313.0,31970.13487,8011.0,2019
Greater Grand Crossing,31766.0,27035.42781,9334.0,2019
Hegewisch,9418.0,55429.6875,3666.0,2019
Hermosa,24144.0,39590.64327,7790.0,2019
Humboldt Park,56427.0,35941.35802,17329.0,2019
Hyde Park,26827.0,52627.11864,11144.0,2019
Irving Park,54606.0,59537.67123,21904.0,2019
Jefferson Park,26808.0,71459.19421,12107.0,2019
Kenwood,17189.0,44087.98283,7058.0,2019
Lake View,100470.0,86118.62301,58002.0,2019
Lincoln Park,67710.0,99684.56573,33819.0,2019
Lincoln Square,41715.0,71736.93086,20174.0,2019
Logan Square,73046.0,70338.93986,35266.0,2019
Lower West Side,32888.0,42457.55518,11844.0,2019
McKinley Park,15767.0,44904.21456,5549.0,2019
Montclare,13830.0,48122.3176,5178.0,2019
Morgan Park,22394.0,58816.25442,9419.0,2019
Mount Greenwood,19277.0,94677.08333,9969.0,2019
Near North Side,88893.0,93707.26029,46703.0,2019
Near South Side,23620.0,94151.75613,11501.0,2019
Near West Side,62872.0,80727.42475,27817.0,2019
New City,39561.0,32861.79922,12133.0,2019
North Center,35789.0,104351.2165,17264.0,2019
North Lawndale,35947.0,26361.91199,10837.0,2019
North Park,18842.0,56086.95652,6515.0,2019
Norwood Park,37089.0,74069.37653,18232.0,2019
Oakland,6645.0,28291.45729,2325.0,2019
O'Hare,12377.0,49294.87179,5389.0,2019
Portage Park,64307.0,61392.54837,25907.0,2019
Pullman,6613.0,40662.05534,2919.0,2019
Riverdale,7394.0,13344.7099,1739.0,2019
Rogers Park,55062.0,39106.1828,23090.0,2019
Roseland,42433.0,38685.63686,12887.0,2019
South Chicago,28263.0,29580.68615,8434.0,2019
South Deering,14614.0,34093.75,4586.0,2019
South Lawndale,74851.0,32896.0396,16572.0,2019
South Shore,50418.0,24344.64405,15916.0,2019
The Loop,35880.0,103336.2793,16754.0,2019
Uptown,57973.0,49680.90452,26725.0,2019
Washington Heights,27453.0,44706.60147,8625.0,2019
Washington Park,11502.0,25384.61538,3446.0,2019
West Elsdon,19237.0,54849.39759,6446.0,2019
West Englewood,29929.0,28006.27943,9175.0,2019
West Garfield Park,17163.0,23250.0,5318.0,2019
West Lawn,33108.0,50497.88136,11618.0,2019
West Pullman,27742.0,38144.49064,8696.0,2019
West Ridge,76215.0,49855.33454,26015.0,2019
West Town,84502.0,88761.04764,45126.0,2019
Woodlawn,23268.0,25122.2597,7504.0,2019
Albany Park,50342.99998,59883.04094,18067.0,2020
Archer Heights,13055.08151,44108.84007,4594.0,2020
Armour Square,13779.1184,27463.83031,5035.0,2020
Ashburn,43985.99999,68463.735,16687.0,2020
Auburn Gresham,45271.00001,34661.2265,14538.0,2020
Austin,94762.00002,33419.90397,33411.0,2020
Avalon Park,9737.719124,43372.9383,3308.0,2020
Avondale,37908.99999,60000.0,15498.0,2020
Belmont Cragin,80648.43439,50767.45194,26646.0,2020
Beverly,20437.00001,98415.94828,9903.0,2020
Bridgeport,33827.8816,50579.58519,13262.0,2020
Brighton Park,45031.0,41176.47059,13034.0,2020
Burnside,2336.000001,25460.52632,847.0,2020
Calumet Heights,12956.0,48966.66667,4737.0,2020
Chatham,30700.28088,31828.18516,10099.0,2020
Chicago Lawn,52003.00001,33486.17512,16582.0,2020
Clearing,25735.0,61524.76108,10359.0,2020
Douglas,21268.0,31509.17432,6690.0,2020
Dunning,44034.99996,70243.09912,19517.0,2020
East Garfield Park,19730.99942,22817.61749,7214.0,2020
East Side,24194.41614,45700.93911,7683.0,2020
Edgewater,57022.0,53182.64015,26706.0,2020
Edison Park,11566.8755,101213.0685,6205.0,2020
Englewood,23792.0,21274.57002,7434.0,2020
Forest Glen,19112.72496,111770.6373,8655.0,2020
Fuller Park,2398.903029,22920.25862,874.0,2020
Gage Park,39302.0,41182.00837,11415.0,2020
Garfield Ridge,36395.99999,71398.37083,15270.0,2020
Grand Boulevard,22784.0,32348.13085,8275.0,2020
Greater Grand Crossing,30804.99999,26955.5874,9357.0,2020
Hegewisch,9240.583857,51565.99913,3653.0,2020
Hermosa,23489.00001,43009.11854,7983.0,2020
Humboldt Park,56161.99999,38592.71523,18243.0,2020
Hyde Park,27517.0,54139.78495,11065.0,2020
Irving Park,53665.00002,64598.48843,21972.0,2020
Jefferson Park,27989.00001,76054.30826,11945.0,2020
Kenwood,17440.0,49161.3924,7053.0,2020
Lake View,100547.0,89276.45228,55325.0,2020
Lincoln Park,68696.99999,108874.6823,32732.0,2020
Lincoln Square,41713.0,73620.64117,19695.0,2020
Logan Square,72724.00001,75333.4654,35735.0,2020
Lower West Side,32788.99999,45204.43925,12051.0,2020
McKinley Park,15920.0,46112.06896,5790.0,2020
Montclare,13863.56562,45316.63462,5288.0,2020
Morgan Park,21694.36365,61032.15909,9431.0,2020
Mount Greenwood,19342.00001,98422.447,10198.0,2020
Near North Side,89994.99999,99731.56764,49177.0,2020
Near South Side,24343.00002,100719.856,12151.0,2020
Near West Side,62733.00001,83574.72018,29186.0,2020
New City,39463.09697,33227.28322,12208.0,2020
North Center,35704.99999,115756.1728,16678.0,2020
North Lawndale,33854.00001,26781.20617,10966.0,2020
North Park,18450.99999,54827.95701,6525.0,2020
Norwood Park,37311.96762,80649.45088,18679.0,2020
Oakland,6850.000002,28611.11111,2556.0,2020
O'Hare,12771.79774,50990.30515,5342.0,2020
Portage Park,64954.39044,66309.30835,25921.0,2020
Pullman,6816.000001,42489.58334,2795.0,2020
Riverdale,7261.999999,13517.69912,1796.0,2020
Rogers Park,54872.00001,40590.6822,23101.0,2020
Roseland,41106.00001,39303.54796,12844.0,2020
South Chicago,29021.0,32844.96754,8413.0,2020
South Deering,14696.99997,35436.68121,4747.0,2020
South Lawndale,74943.0,33611.69102,17052.0,2020
South Shore,51543.00001,29889.62472,16102.0,2020
The Loop,37647.00001,107245.8653,17570.0,2020
Uptown,58424.00001,51888.77755,27303.0,2020
Washington Heights,27354.0,50047.55434,8609.0,2020
Washington Park,11355.0,27457.62712,3659.0,2020
West Elsdon,19362.91849,55379.52371,6583.0,2020
West Englewood,28236.99999,27759.78916,9398.0,2020
West Garfield Park,16950.0006,24590.55263,5559.0,2020
West Lawn,32176.0,51081.67771,11705.0,2020
West Pullman,27480.06008,41079.19301,8510.0,2020
West Ridge,77212.00002,52038.56748,26954.0,2020
West Town,84255.0,96499.0138,46125.0,2020
Woodlawn,22925.0,26415.17129,7689.0,2020
Albany Park,49805.99998,61759.0,18419.0,2021
Archer Heights,13700.97018,50458.0,4676.0,2021
Armour Square,13598.48056,31663.0,5268.0,2021
Ashburn,43355.99999,70223.0,17077.0,2021
Auburn Gresham,45909.00001,34396.0,15082.0,2021
Austin,93727.00001,33515.0,34451.0,2021
Avalon Park,9670.567015,44588.0,3383.0,2021
Avondale,38117.99999,66130.0,16178.0,2021
Belmont Cragin,78550.04844,51689.0,27510.0,2021
Beverly,19791.00001,98636.0,9815.0,2021
Bridgeport,34479.51944,54915.0,13556.0,2021
Brighton Park,44156.0,41650.0,13378.0,2021
Burnside,2006.000001,29324.0,829.0,2021
Calumet Heights,12815.0,49478.0,4894.0,2021
Chatham,31009.43299,34241.0,10106.0,2021
Chicago Lawn,51352.00001,34273.0,16854.0,2021
Clearing,24976.0,60880.0,10499.0,2021
Douglas,21325.0,31856.0,6944.0,2021
Dunning,43444.99997,72272.0,19966.0,2021
East Garfield Park,18933.97988,24617.0,7362.0,2021
East Side,23690.73364,48090.0,7516.0,2021
Edgewater,57649.00001,55768.0,26975.0,2021
Edison Park,11111.70286,105233.0,6211.0,2021
Englewood,22921.0,22127.0,7490.0,2021
Forest Glen,19404.88675,123856.0,8801.0,2021
Fuller Park,2394.617536,23148.0,857.0,2021
Gage Park,37478.0,42277.0,11815.0,2021
Garfield Ridge,37143.99999,74962.0,15714.0,2021
Grand Boulevard,22209.0,33503.0,8543.0,2021
Greater Grand Crossing,30148.99999,29647.0,9603.0,2021
Hegewisch,9121.266363,57151.0,3638.0,2021
Hermosa,23481.0,46915.0,8083.0,2021
Humboldt Park,55363.99999,39492.0,18420.0,2021
Hyde Park,27482.0,55377.0,11522.0,2021
Irving Park,53530.00002,66878.0,22991.0,2021
Jefferson Park,27503.0,76694.0,12090.0,2021
Kenwood,17954.0,49114.0,7216.0,2021
Lake View,101316.0,92779.0,55968.0,2021
Lincoln Park,69464.99999,115389.0,33639.0,2021
Lincoln Square,42103.0,81149.0,20026.0,2021
Logan Square,72336.00001,82908.0,36576.0,2021
Lower West Side,33202.99999,52104.0,12187.0,2021
McKinley Park,15177.0,49638.0,5733.0,2021
Montclare,14317.95158,53285.0,5264.0,2021
Morgan Park,21067.61724,63501.0,9491.0,2021
Mount Greenwood,19190.00001,102256.0,9991.0,2021
Near North Side,93317.99999,106026.0,51086.0,2021
Near South Side,24729.00001,110120.0,12498.0,2021
Near West Side,63170.0,91125.0,29996.0,2021
New City,39443.38246,34916.0,12708.0,2021
North Center,35542.99999,125033.0,17146.0,2021
North Lawndale,32073.00001,28327.0,11046.0,2021
North Park,18913.99999,56287.0,6477.0,2021
Norwood Park,38083.67228,83985.0,18936.0,2021
Oakland,7227.000002,32844.0,2481.0,2021
O'Hare,13075.04972,53509.0,5467.0,2021
Portage Park,64598.55568,70559.0,26271.0,2021
Pullman,6840.000001,43539.0,2908.0,2021
Riverdale,7358.999999,15396.0,1920.0,2021
Rogers Park,55475.00001,43177.0,23171.0,2021
Roseland,39162.00001,40786.0,13075.0,2021
South Chicago,29936.0,34856.0,8586.0,2021
South Deering,15474.99997,36315.0,4643.0,2021
South Lawndale,72156.99999,34705.0,16862.0,2021
South Shore,52454.00001,32093.0,16334.0,2021
The Loop,38655.00002,108676.0,18589.0,2021
Uptown,58979.00001,55109.0,27548.0,2021
Washington Heights,26742.0,51800.0,9119.0,2021
Washington Park,10969.0,25423.0,3716.0,2021
West Elsdon,19151.02982,60836.0,6753.0,2021
West Englewood,26345.99999,26821.0,9680.0,2021
West Garfield Park,16421.02013,24169.0,5517.0,2021
West Lawn,31886.0,54922.0,12093.0,2021
West Pullman,27038.00848,42271.0,8866.0,2021
West Ridge,78466.00002,53877.0,27192.0,2021
West Town,84698.0,104639.0,47147.0,2021
Woodlawn,22655.0,25450.0,8033.0,2021
Albany Park,49280.0,69397.59036,18650.0,2022
Archer Heights,13533.0,48793.10345,4706.0,2022
Armour Square,13438.84426,37122.66529,5230.0,2022
Ashburn,42902.0,71951.49017,17024.0,2022
Auburn Gresham,46698.0,37484.19389,15048.0,2022
Austin,95073.0,35555.36685,34568.0,2022
Avalon Park,9596.682362,54418.51813,3400.0,2022
Avondale,37360.0,73616.00306,15948.0,2022
Belmont Cragin,78788.0,58138.0978,27559.0,2022
Beverly,19817.0,110018.1598,10094.0,2022
Bridgeport,32863.15574,58670.10682,13960.0,2022
Brighton Park,42728.0,45781.71091,13468.0,2022
Burnside,2180.0,39351.85185,826.0,2022
Calumet Heights,12343.0,57420.14742,4906.0,2022
Chatham,31395.31764,39858.57561,10384.0,2022
Chicago Lawn,51243.0,36277.83964,17161.0,2022
Clearing,24382.0,58168.13049,10538.0,2022
Douglas,21450.0,35796.1165,7102.0,2022
Dunning,43587.0,74525.7732,20094.0,2022
East Garfield Park,18075.0,23066.57224,7447.0,2022
East Side,22923.79466,52003.37755,7749.0,2022
Edgewater,58693.0,58283.37875,26540.0,2022
Edison Park,11002.0,113960.728,6163.0,2022
Englewood,22019.0,22228.26087,7448.0,2022
Forest Glen,19928.0,129516.6403,8946.0,2022
Fuller Park,2232.313253,17216.78622,890.0,2022
Gage Park,35300.0,42271.4808,12116.0,2022
Garfield Ridge,36049.0,80005.68828,15518.0,2022
Grand Boulevard,23669.0,39110.73826,8549.0,2022
Greater Grand Crossing,29429.0,30109.64912,9512.0,2022
Hegewisch,9250.205343,57846.64934,3719.0,2022
Hermosa,23163.0,54773.13975,8268.0,2022
Humboldt Park,54401.0,41535.65292,18825.0,2022
Hyde Park,27722.0,52422.56637,11543.0,2022
Irving Park,53604.0,72045.04095,23181.0,2022
Jefferson Park,27194.0,77198.06008,12527.0,2022
Kenwood,17972.0,52336.4486,7193.0,2022
Lake View,101428.0,91941.20988,56641.0,2022
Lincoln Park,69568.0,117048.0738,33843.0,2022
Lincoln Square,41350.0,80899.83877,20264.0,2022
Logan Square,71374.0,84653.4034,36513.0,2022
Lower West Side,32672.0,59889.22457,12726.0,2022
McKinley Park,15246.0,61814.25486,6026.0,2022
Montclare,14382.0,55882.35294,5546.0,2022
Morgan Park,20534.30293,64137.0976,9413.0,2022
Mount Greenwood,18840.0,97760.69519,9876.0,2022
Near North Side,95405.0,109049.1788,52122.0,2022
Near South Side,26376.0,115993.1326,12795.0,2022
Near West Side,62816.0,93202.49846,30787.0,2022
New City,38971.68675,35396.3424,12486.0,2022
North Center,36142.0,133537.464,17390.0,2022
North Lawndale,31310.0,30960.59113,11499.0,2022
North Park,18806.0,60362.90323,6763.0,2022
Norwood Park,38408.19118,90475.12039,18467.0,2022
Oakland,6973.0,36837.60684,2467.0,2022
O'Hare,13498.30016,60440.97616,5397.0,2022
Portage Park,63919.0,75868.65629,26495.0,2022
Pullman,7131.0,48056.72269,2950.0,2022
Riverdale,7414.0,19676.96629,1944.0,2022
Rogers Park,55643.0,46244.10377,23044.0,2022
Roseland,39623.0,44040.6051,13058.0,2022
South Chicago,29977.0,39798.13665,8539.0,2022
South Deering,15144.0,30127.84091,4769.0,2022
South Lawndale,70235.0,36919.74596,17404.0,2022
South Shore,52740.0,35886.77751,16930.0,2022
The Loop,39327.0,113599.1379,19489.0,2022
Uptown,59453.0,57878.09524,27847.0,2022
Washington Heights,26940.0,53580.48162,9251.0,2022
Washington Park,10427.0,23351.06383,3719.0,2022
West Elsdon,18523.0,54185.77982,7000.0,2022
West Englewood,26158.0,26438.54749,9753.0,2022
West Garfield Park,16489.0,29443.39623,5633.0,2022
West Lawn,32162.0,54757.83476,12484.0,2022
West Pullman,26484.0,46380.45541,8858.0,2022
West Ridge,78763.0,57937.30032,27115.0,2022
West Town,84437.0,112555.2091,47718.0,2022
Woodlawn,22502.0,27540.98361,8161.0,2022
Albany Park,48647.0,72370.58824,18650.0,2023
Archer Heights,13591.0,52003.5461,4706.0,2023
Armour Square,13323.66393,37404.95365,5230.0,2023
Ashburn,44215.0,72904.5512,17024.0,2023
Auburn Gresham,48039.0,37740.96386,15048.0,2023
Austin,97313.0,38406.99566,34568.0,2023
Avalon Park,9740.26656,53867.30091,3400.0,2023
Avondale,36820.0,80904.71363,15948.0,2023
Belmont Cragin,78610.0,61468.3645,27559.0,2023
Beverly,19919.0,113823.5294,10094.0,2023
Bridgeport,34387.33607,68079.95144,13960.0,2023
Brighton Park,43197.0,47962.35679,13468.0,2023
Burnside,2652.0,45588.23529,826.0,2023
Calumet Heights,12843.0,67195.94595,4906.0,2023
Chatham,32527.73344,40334.84556,10384.0,2023
Chicago Lawn,51169.0,38434.84419,17161.0,2023
Clearing,25507.0,64546.33205,10538.0,2023
Douglas,21278.0,38119.26606,7102.0,2023
Dunning,44277.0,77817.11823,20094.0,2023
East Garfield Park,19908.0,25692.18241,7447.0,2023
East Side,24353.39344,55740.01162,7749.0,2023
Edgewater,58084.0,61872.19731,26540.0,2023
Edison Park,11494.0,115000.0,6163.0,2023
Englewood,21054.0,24429.10448,7448.0,2023
Forest Glen,20311.0,132901.5544,8946.0,2023
Fuller Park,2288.722892,16281.42219,890.0,2023
Gage Park,35621.0,43541.66667,12116.0,2023
Garfield Ridge,36704.0,84305.38366,15518.0,2023
Grand Boulevard,24401.0,40745.5157,8549.0,2023
Greater Grand Crossing,29309.0,32380.11283,9512.0,2023
Hegewisch,9318.60656,57685.95828,3719.0,2023
Hermosa,23201.0,59788.86756,8268.0,2023
Humboldt Park,55785.0,46785.71429,18825.0,2023
Hyde Park,28801.0,58518.31897,11543.0,2023
Irving Park,54280.0,78943.60269,23181.0,2023
Jefferson Park,27172.0,83427.67296,12527.0,2023
Kenwood,18492.0,54320.38835,7193.0,2023
Lake View,102611.0,95172.69513,56641.0,2023
Lincoln Park,69641.0,123044.0724,33843.0,2023
Lincoln Square,42338.0,85435.59858,20264.0,2023
Logan Square,71419.0,91246.58555,36513.0,2023
Lower West Side,33588.0,61925.13369,12726.0,2023
McKinley Park,15558.0,65871.95122,6026.0,2023
Montclare,13776.0,57491.2892,5546.0,2023
Morgan Park,21634.0327,66486.41319,9413.0,2023
Mount Greenwood,19477.0,106537.5982,9876.0,2023
Near North Side,98505.0,114790.1428,52122.0,2023
Near South Side,26816.0,113009.7879,12795.0,2023
Near West Side,65019.0,98568.73002,30787.0,2023
New City,39497.27711,37273.91656,12486.0,2023
North Center,37094.0,142107.2134,17390.0,2023
North Lawndale,32106.0,31332.23684,11499.0,2023
North Park,18847.0,64475.60976,6763.0,2023
Norwood Park,39550.84112,95991.22665,18467.0,2023
Oakland,7413.0,29583.33333,2467.0,2023
O'Hare,13624.03157,62264.04633,5397.0,2023
Portage Park,65563.0,78052.00872,26495.0,2023
Pullman,7147.0,53577.0751,2950.0,2023
Riverdale,7934.0,17697.04433,1944.0,2023
Rogers Park,55789.0,51055.16872,23044.0,2023
Roseland,39128.0,45992.85714,13058.0,2023
South Chicago,30399.0,40003.64431,8539.0,2023
South Deering,15198.0,32103.82514,4769.0,2023
South Lawndale,70281.0,38953.14353,17404.0,2023
South Shore,54873.0,38020.21904,16930.0,2023
The Loop,39834.0,115987.78,19489.0,2023
Uptown,59119.0,61168.83117,27847.0,2023
Washington Heights,26676.0,55427.50929,9251.0,2023
Washington Park,11607.0,23827.89318,3719.0,2023
West Elsdon,18022.0,58064.13302,7000.0,2023
West Englewood,26282.0,28374.21384,9753.0,2023
West Garfield Park,17289.0,35232.55814,5633.0,2023
West Lawn,32398.0,61456.90834,12484.0,2023
West Pullman,26951.0,48635.67073,8858.0,2023
West Ridge,79897.0,58980.6425,27115.0,2023
West Town,86870.0,118293.034,47718.0,2023
Woodlawn,23302.0,28794.36326,8161.0,2023
