OBJECTID,GEOG,2000_POP,2010_POP,POP_CHANGE,TOT_POP,UND19,A20_34,A35_49,A50_64,A65_79,OV80,MED_AGE,WHITE,HISP,BLACK,ASIAN,OTHER,POP_HH,POP_16OV,IN_LBFRC,EMP,UNEMP,NOT_IN_LBFRC,WORK_AT_HOME,TOT_COMM,DROVE_AL,CARPOOL,TRANSIT,WALK_BIKE,COMM_OTHER,POP_25OV,HS,BACH,INC_LT_25K,INC_25_50K,INC_50_75K,INC_75_100K,INC_100_150K,INC_GT_150,MEDINC,TOT_HH,OWN_OCC_HU,RENT_OCC_HU,VAC_HU,HU_TOT,HU_SNG_DET,HU_SNG_ATT,HU_2UN,HU_3_4UN,HU_GT_5UN,MED_ROOMS,HA_AFT2000,HA_70_00,HA_40_70,HA_BEF1940,MED_HA,BR_0_1,BR_2,BR_3,BR_4,BR_5,HV_LT_150K,HV_150_300K,HV_300_500K,HV_GT_500K,MED_HV,TOT_EMP_RES,RES_NAICS1_TYPE,RES_NAICS2_TYPE,RES_NAICS3_TYPE,RES_NAICS4_TYPE,RES_NAICS5_TYPE,RES_NAICS1_COUNT,RES_NAICS2_COUNT,RES_NAICS3_COUNT,RES_NAICS4_COUNT,RES_NAICS5_COUNT,TOT_EMP_WORK,WORK_NAICS1_TYPE,WORK_NAICS2_TYPE,WORK_NAICS3_TYPE,WORK_NAICS4_TYPE,WORK_NAICS5_TYPE,WORK_NAICS1_COUNT,WORK_NAICS2_COUNT,WORK_NAICS3_COUNT,WORK_NAICS4_COUNT,WORK_NAICS5_COUNT,RES_CITY1_TYPE,RES_CITY2_TYPE,RES_CITY3_TYPE,RES_CITY4_TYPE,RES_CITY5_TYPE,RES_CITY1_COUNT,RES_CITY2_COUNT,RES_CITY3_COUNT,RES_CITY4_COUNT,RES_CITY5_COUNT,WORK_CITY1_TYPE,WORK_CITY2_TYPE,WORK_CITY3_TYPE,WORK_CITY4_TYPE,WORK_CITY5_TYPE,WORK_CITY1_COUNT,WORK_CITY2_COUNT,WORK_CITY3_COUNT,WORK_CITY4_COUNT,WORK_CITY5_COUNT,MedIncFam_Hcost,MedIncFam_Tcost,MedIncFam_HTcost,Ret_Hcost,Ret_Tcost,Ret_HTcost,SPFam_Hcost,SPFam_Tcost,SPFam_HTcost,ModIncFam_Hcost,ModIncFam_Tcost,ModIncFam_HTcost,IDES_EMP,EMP_CHANGE,PCT_CHANGE,AVG_VMT,RET_SALES,RES_EAV,CMRCL_EAV,IND_EAV,RAIL_EAV,FARM_EAV,MIN_EAV,TOT_EAV,WALKSCORE,OPEN_SPACE_PER_1000,TOT_ACRES,SF,Sfperc,MF,Mfperc,MIX,MIXperc,COMM,COMMperc,INST,INSTperc,IND,INDperc,TRANS,TRANSperc,AG,Agperc,OPEN,OPENperc,VACANT,VACperc
1,Albany Park,57655,51542,-6113,52079,13550,13719,11806,8412,3257,1335,33.7707497656982,15349,25003,2215,8223,1289,50477,41421,29624,26868,2703,11797,1260,25079,12398,2519,8366,1607,189,34545,26212,10482,3993,3997,3056,1912,1936,1579,51968.8498402556,16473,6405,10068,1718,18191,3500,164,3570,3643,7290,5.37750958718701,754,1552,3448,12437,-9999,4459,7331,4826,1234,341,1012,2950,1768,656,260401.647785788,17570,Health Care,Accommodation and Food Service,Retail Trade,Education,Professional,2459,1929,1769,1536,1528,4876,Health Care,Retail Trade,Manufacturing,Information,Accommodation and Food Service,1046,918,594,369,353,Outside of Chicago,The Loop,Near North Side,Near West Side,Albany Park,7238,2741,1370,806,462,Outside of Chicago,Albany Park,Irving Park,West Ridge,Portage Park,2064,462,172,151,147,,,,,,,,,,,,,,,,12281,,,,,,,,,,0.539621046916904,1229.16048808557,302.877259167911,0.246409856242325,295.528239252722,0.240430962528751,34.520915193528879,0.028084953533851074,75.0401623012299,0.061049930443262,53.8042652151627,0.0437731815631037,20.188114546908857,0.016424311343063172,413.623653946563,0.336509070992663,n/a,n/a,28.1029245023855,0.0228635111320216,5.47495395915537,0.00445422222095886
2,Archer Heights,12644,13393,749,13266,4205,2948,2830,1924,947,411,31.9913242009132,2572,10109,114,388,82,13256,9898,6594,5808,786,3304,69,5522,3353,900,899,335,35,7944,5407,888,890,1238,854,317,425,114,43393.536121673,3839,2140,1700,407,4247,1951,57,1044,958,201,5.59674922600619,11,833,2098,1304,-9999,357,1455,1806,402,227,534,1482,87,30,177566.964285714,4612,Manufacturing,Administration,Health Care,Accommodation and Food Service,Retail Trade,672,517,483,478,466,9392,Manufacturing,Transportation,Administration,Wholesale Trade,Retail Trade,3063,2003,1216,824,699,Outside of Chicago,The Loop,Near West Side,Near North Side,Archer Heights,1810,660,258,244,232,Outside of Chicago,South Lawndale,Brighton Park,West Lawn,Archer Heights,5031,295,268,251,232,,,,,,,,,,,,,,,,15621,,,,,,,,,,1.13109796056387,1283.80407616835,168.550456938644,0.131289859619157,68.8059419066613,0.053595360214169,18.176619243562691,0.014158405928895864,52.723123548768,0.0410678891954648,37.963040590016,0.0295707431490019,333.605519215888480,0.2598570338018935,555.886936267358,0.432999821847007,n/a,n/a,15.0051455448403,0.0116880338856881,33.0872929126142,0.0257728523587233
3,Armour Square,12032,13391,1359,14068,3029,3004,2500,2806,1815,915,41.9546448087432,1545,438,1348,10324,413,14058,11880,6997,5919,1078,4883,188,5661,2250,1082,1113,1122,94,10115,6636,2150,2660,1147,646,263,383,121,24336.4611260054,5221,1858,3362,498,5717,441,753,751,1160,2599,4.85478547854786,874,1945,908,1991,-9999,1358,1877,2040,285,158,226,829,641,163,275865.384615385,4713,Accommodation and Food Service,Health Care,Retail Trade,Manufacturing,Administration,880,656,416,386,385,4909,Accommodation and Food Service,Arts and Entertainment,Administration,Health Care,Retail Trade,1397,750,651,583,366,Outside of Chicago,The Loop,Armour Square,Near North Side,Near West Side,1511,874,589,280,259,Outside of Chicago,Bridgeport,Armour Square,Brighton Park,McKinley Park,1314,655,589,236,225,,,,,,,,,,,,,,,,8150,,,,,,,,,,1.06761347829059,637.424147103849,56.1181535388806,0.0880389514483483,79.2364380659709,0.124307242557383,9.858423031826433,0.015466033216059355,89.5127715637198,0.1404288996117,11.2492806437011,0.0176480302712291,18.034999493747403,0.02829356179192431,343.632519878727,0.539095547980146,n/a,n/a,15.019186412592,0.023562311658308,14.7623744746838,0.023159421464902
4,Ashburn,39584,41081,1497,42752,12506,8188,8951,8557,3401,1149,36.1643902439024,5555,15455,20817,284,641,42132,32943,21985,19004,2981,10958,263,18028,12824,2320,2602,181,101,26767,22201,5359,2138,2888,2484,2083,2307,923,63573.1622746186,12823,10850,1973,658,13481,11826,50,316,472,809,6.526369168357,291,2340,10112,738,-9999,397,2221,7452,2548,863,4643,5811,319,60,159074.378226185,15903,Health Care,Education,Public Administration,Retail Trade,Manufacturing,2174,2048,1736,1460,1311,5064,Retail Trade,Health Care,Utilities,Accommodation and Food Service,Administration,1107,862,776,353,336,Outside of Chicago,The Loop,Near West Side,Near North Side,Ashburn,6439,3723,957,826,254,Outside of Chicago,Ashburn,Auburn Gresham,Chicago Lawn,South Shore,2686,254,165,155,92,,,,,,,,,,,,,,,,18740,,,,,,,,,,6.07846682239934,3109.7414378481,1267.65497351176,0.407639991570797,41.0147385013417,0.0131891153399954,9.861780477391331,0.0031712541619587377,132.260600858037,0.0425310603795921,182.693783246428,0.0587488660706306,103.805630451137130,0.03338079146637005,1071.49831079845,0.344561865419884,n/a,n/a,259.866613591216,0.083565344188564,41.085006412336,0.0132117114022079
5,Auburn Gresham,55928,48743,-7185,45842,12050,8948,7776,9624,5420,2024,39.1345765686705,231,689,44402,117,403,45727,36609,20187,14910,5234,16422,568,14122,8150,999,4601,237,135,30659,25304,4273,7455,4475,2839,1103,972,306,29388.7147335423,17150,7498,9652,3285,20435,8335,372,4132,3666,3874,5.81117439120189,629,1630,9140,9036,-9999,3672,7045,6608,2139,971,4512,2768,196,22,130475.946775844,14393,Health Care,Education,Retail Trade,Administration,Transportation,2954,1643,1482,1381,1172,2502,Retail Trade,Accommodation and Food Service,Transportation,Health Care,Education,565,338,274,228,194,Outside of Chicago,The Loop,Near West Side,Near North Side,Hyde Park,4881,2855,1089,1068,291,Outside of Chicago,Auburn Gresham,Greater Grand Crossing,South Shore,Chatham,952,217,79,79,77,,,,,,,,,,,,,,,,10796,,,,,,,,,,1.29453334380997,2411.96864154889,800.140272513142,0.33173742756428,319.436742515532,0.132438182243696,22.147236704121749,0.009182224147781394,90.5184948418966,0.037528885443456,109.08894853019,0.045228178613523,54.893064205320009,0.02275861437819909,834.364134278164,0.345926609453082,n/a,n/a,59.3439975469366,0.0246039672840969,122.035750413592,0.0505959108718859
6,Austin,117527,98514,-19013,97643,28457,20624,18286,18392,9571,2313,34.7002278083268,4353,11132,81066,467,625,96495,75296,41638,33519,8110,33658,862,31821,19122,2303,9133,755,508,61770,47647,7685,12989,8564,4773,2559,2273,879,31634.3004211511,32037,12670,19367,5258,37295,9937,616,11234,7074,8364,5.7479605196898,1243,2513,8659,24880,-9999,6788,13808,11384,3333,1982,4982,6220,1280,182,168982.002249719,33030,Health Care,Retail Trade,Administration,Education,Accommodation and Food Service,6253,3731,3626,2786,2733,16657,Administration,Manufacturing,Health Care,Retail Trade,Accommodation and Food Service,4756,2401,2063,2016,898,Outside of Chicago,The Loop,Near North Side,Near West Side,Austin,15019,4968,2028,1857,1283,Outside of Chicago,Austin,Belmont Cragin,Humboldt Park,North Lawndale,8643,1283,372,344,260,,,,,,,,,,,,,,,,10556,,,,,,,,,,2.04521879888424,4574.24707811772,958.05287195504,0.209444932814883,794.188429362266,0.173621672769165,62.312473119085247,0.013622454593057632,206.106042373001,0.0450579163856212,206.258358746002,0.0450912150619718,499.204564570245280,0.10913371229078098,1470.44448275922,0.321461534028961,n/a,n/a,199.701299179454,0.0436577420871698,177.978556053415,0.0389088199683896
7,Avalon Park,11147,10185,-962,9780,2031,1816,1636,2319,1516,462,45.0246644295302,52,62,9521,59,86,9775,8279,4498,3493,1005,3782,178,3192,2129,393,631,8,30,7046,6238,1556,1407,841,533,351,490,154,41351.3513513514,3775,2500,1274,639,4413,2652,255,332,464,711,6.26565762004175,382,192,1851,1989,-9999,956,957,1503,655,341,1145,1215,66,74,155442.708333333,3392,Health Care,Education,Public Administration,Administration,Transportation,675,487,306,284,257,2644,Health Care,Construction,Retail Trade,Wholesale Trade,Finance,1673,251,135,102,94,The Loop,Outside of Chicago,Near North Side,Near West Side,Hyde Park,912,902,289,244,91,Outside of Chicago,South Shore,Auburn Gresham,Roseland,Austin,871,116,113,110,98,,,,,,,,,,,,,,,,14159,,,,,,,,,,2.86790122295034,800.108754670059,304.058607904667,0.380021598476386,27.2992845372951,0.03411946735735,2.577755700298908,0.003221756649021915,44.905045827352,0.0561236776441341,43.0124195106164,0.0537582163169223,12.008952785454342,0.015009150587792869,313.565352192726,0.391903413582859,n/a,n/a,28.0480739604543,0.0350553269124276,24.6332622511955,0.0307873924731064
8,Avondale,43083,39262,-3821,39721,10176,12222,8105,5728,2696,794,31.9840173545966,12327,24563,842,1277,712,39642,31292,21289,19621,1668,10003,766,18503,9720,2263,5343,970,207,26009,18795,6888,3414,4239,2572,1374,1194,771,44663.323782235,13564,5050,8514,1596,15160,2472,445,4544,4767,2920,5.54145671094824,1049,921,1888,11302,-9999,2835,6944,4121,707,553,716,2332,1670,324,274928.639391056,14908,Accommodation and Food Service,Retail Trade,Health Care,Manufacturing,Administration,1666,1637,1634,1377,1309,10284,Administration,Retail Trade,Manufacturing,Utilities,Construction,2759,1841,1539,991,494,Outside of Chicago,The Loop,Near North Side,Near West Side,West Town,5481,2286,1181,815,537,Outside of Chicago,Avondale,Logan Square,Belmont Cragin,Irving Park,5655,398,290,256,234,,,,,,,,,,,,,,,,16583,,,,,,,,,,0.222026111544235,1269.29742457625,161.303435278307,0.127080881245905,312.134012901274,0.245910853404181,34.998962119783293,0.02757349179327897,100.361982203892,0.0790689244779625,27.4754895365528,0.021646218612415,130.909043863817570,0.10313504252757884,478.377636628756,0.376883799940318,n/a,n/a,8.81909917664855,0.00694801628514513,14.9177628672172,0.0117527717132157
9,Belmont Cragin,78144,78743,599,79159,25314,18056,17714,11867,4780,1428,31.9751220280271,11276,63355,2483,1183,862,78851,58765,40580,35575,4990,18185,643,34043,21669,4940,5320,1327,786,47993,30130,5864,5597,6563,4484,2111,2261,709,43533.8484179544,21726,10745,10982,2492,24219,8771,517,5917,5720,3198,5.61236664795059,1114,2186,8070,12849,-9999,3475,10290,6548,2401,1506,2252,7022,1321,104,204817.596566524,26623,Manufacturing,Retail Trade,Health Care,Administration,Accommodation and Food Service,3960,3236,3164,2920,2634,10466,Administration,Retail Trade,Accommodation and Food Service,Manufacturing,Health Care,3491,2494,956,811,539,Outside of Chicago,The Loop,Near North Side,Near West Side,Belmont Cragin,12671,2946,1335,961,897,Outside of Chicago,Belmont Cragin,Portage Park,Logan Square,Austin,5522,897,253,227,221,,,,,,,,,,,,,,,,14137,,,,,,,,,,0.818349786890178,2504.577926446,711.919376126375,0.284247245258042,385.334810201695,0.153852194468744,48.238626808710869,0.0192601820447893,242.312876747243,0.096747988628601,146.582076050287,0.0585256599535264,121.358751873512280,0.048454771796907325,775.695242207137,0.30971096327909,n/a,n/a,64.7797507804396,0.0258645379312922,8.35641565060085,0.00333645663900688
10,Beverly,21992,20034,-1958,20815,5466,2890,4360,5285,2180,634,42.6722384784199,11604,1414,7257,101,439,20789,16495,10947,10163,784,5548,383,9490,6891,594,1734,224,47,14237,13749,7902,689,1226,1131,1110,1418,1918,90765.7657657658,7492,6227,1265,486,7978,6290,60,348,224,1039,7.19141449683322,148,237,3738,3855,-9999,860,1417,3181,1876,644,739,2662,2207,558,283454.734651405,9789,Education,Public Administration,Health Care,Professional,Retail Trade,1787,1315,1236,703,685,2947,Retail Trade,Health Care,Education,Accommodation and Food Service,Administration,441,418,395,390,314,Outside of Chicago,The Loop,Near West Side,Near North Side,Beverly,3630,3028,461,444,289,Outside of Chicago,Beverly,Morgan Park,Auburn Gresham,Mount Greenwood,1520,289,73,64,57,,,,,,,,,,,,,,,,15506,,,,,,,,,,12.3762396694492,2038.09374181602,1043.62365402059,0.51205871084746,58.8029698124673,0.0288519456225167,9.862034560105339,0.004838852285232914,66.0656312286836,0.0324154036064193,42.6877833365542,0.0209449557989996,n/a,n/a,548.885401231256,0.269313128228429,n/a,n/a,257.611428719586,0.126398223709791,10.5548389067787,0.00517877990115113
11,Bridgeport,33694,31977,-1717,33878,7632,8630,6797,7283,2528,1007,36.3665981077746,10818,9546,951,11702,861,33840,27681,18834,16720,2114,8847,360,16069,8540,2442,3380,1478,229,23593,18631,5819,3729,3202,2089,1382,1302,816,43056.4924114671,12519,5609,6911,1310,13831,3873,438,3622,3694,2168,5.30208333333333,1674,1607,1659,8890,-9999,2043,5442,4626,1297,422,709,2751,1747,385,267322.834645669,12907,Accommodation and Food Service,Health Care,Education,Retail Trade,Manufacturing,1790,1386,1178,1148,1095,4703,Manufacturing,Retail Trade,Education,Accommodation and Food Service,Wholesale Trade,1413,448,415,390,383,Outside of Chicago,The Loop,Near West Side,Near North Side,Armour Square,3960,2690,901,875,655,Outside of Chicago,Bridgeport,New City,Brighton Park,McKinley Park,1832,526,132,118,106,,,,,,,,,,,,,,,,11837,,,,,,,,,,1.40675621289539,1338.18915409914,243.563264633127,0.182009594000254,224.911108959169,0.168071238860532,31.112696150983101,0.023249849287508267,55.9100293803058,0.0417803635674691,32.9195111410897,0.0246000433049773,135.144977348502610,0.10099093759243748,491.183721874355,0.367051040856043,n/a,n/a,47.6580869804699,0.0356138643288834,75.7857576311346,0.0566330682018965
12,Brighton Park,44912,45368,456,44202,15143,9824,10091,6179,2139,826,30.7451479289941,2844,37620,677,2955,106,44106,32166,20579,17856,2721,11587,248,17136,10386,2652,3145,782,171,25686,14305,2245,3540,4726,1965,937,632,230,36077.4410774411,12030,5554,6476,1963,13993,3206,263,6402,3541,546,5.34690553745928,468,912,2675,9938,-9999,1217,6154,4998,1047,577,2249,2940,313,52,165602.836879433,12260,Manufacturing,Accommodation and Food Service,Retail Trade,Administration,Health Care,2044,1429,1364,1334,1231,4427,Manufacturing,Retail Trade,Wholesale Trade,Accommodation and Food Service,Transportation,1328,779,661,357,349,Outside of Chicago,The Loop,Near North Side,Near West Side,Brighton Park,4762,1516,672,645,414,Outside of Chicago,Brighton Park,South Lawndale,Gage Park,West Lawn,2056,414,129,129,104,,,,,,,,,,,,,,,,13383,,,,,,,,,,0.183770934339326,1742.25873843423,246.082585181548,0.141243421400603,304.091753252234,0.174538802156057,27.385200409402049,0.015718216706442335,79.4682667942765,0.0456122073267342,46.8535973401198,0.0268924450235372,276.752571174390200,0.15884699847917433,697.362151205862,0.400263253569664,n/a,n/a,8.1230428396669,0.00466236309250318,56.1395702367299,0.0322222922452853
13,Burnside,3294,2916,-378,2601,751,479,333,568,364,106,37.3989583333333,0,0,2601,0,0,2601,2074,1089,855,234,985,15,760,337,123,300,0,0,1680,1323,143,458,221,56,54,74,24,23632.0754716981,887,405,482,389,1276,683,12,219,174,188,5.70355731225296,212,143,420,501,-9999,290,276,458,235,17,287,112,6,0,116100,868,Health Care,Education,Retail Trade,Administration,Accommodation and Food Service,170,94,85,80,78,1760,Transportation,Manufacturing,Retail Trade,Health Care,Wholesale Trade,1036,404,104,88,58,Outside of Chicago,The Loop,Near North Side,Near West Side,Grand Boulevard,307,176,75,63,17,Outside of Chicago,Roseland,Auburn Gresham,Chatham,South Shore,616,82,79,65,57,,,,,,,,,,,,,,,,15618,,,,,,,,,,2.69849710470644,390.174082009607,67.2055619416798,0.172245069676424,13.8924220458988,0.0356057018814405,1.649768542546286,0.004228288393860213,14.6036429619299,0.0374285316100785,7.3727309354249,0.0188960037977186,116.359553816779540,0.29822471348549073,130.6471601825,0.334843256398775,n/a,n/a,7.01879096934144,0.017988870334982,31.4244506135072,0.0805395644212303
14,Calumet Heights,15974,13812,-2162,13732,2760,1823,2822,3008,2279,1040,46.7294117647059,308,443,12835,5,141,13725,11557,6486,5392,1094,5071,108,5091,3380,369,1237,79,26,10353,9160,2841,1337,1352,912,790,711,267,49922.9452054795,5369,4176,1193,621,5990,4491,183,544,505,235,6.45332645693657,94,443,3985,1468,-9999,322,1450,3121,759,338,1972,1970,125,86,153710.9375,4533,Health Care,Education,Public Administration,Administration,Retail Trade,838,639,443,382,372,2150,Health Care,Accommodation and Food Service,Retail Trade,Administration,Other Service,1262,261,180,77,76,Outside of Chicago,The Loop,Near North Side,Near West Side,Hyde Park,1413,1161,355,324,116,Outside of Chicago,South Shore,Roseland,South Chicago,Auburn Gresham,1226,49,49,49,38,,,,,,,,,,,,,,,,15263,,,,,,,,,,1.53534536771982,1120.89626821864,436.210648391821,0.389162370113926,49.6820776884637,0.0443235284986895,3.592654224782412,0.0032051620891663355,35.9485131427766,0.0320712220765147,30.2476550498845,0.0269852402113488,10.154115923467256,0.009058925621729873,463.357947343733,0.413381648669518,n/a,n/a,21.0833625895286,0.0188093788759194,70.6192938641848,0.0630025238431874
15,Chatham,37275,31028,-6247,31392,7526,5674,5959,7323,3281,1629,41.0222331047992,389,287,30329,109,278,31345,25266,14979,11933,3046,10286,351,10954,5892,911,3819,224,109,21854,18894,4895,5574,3490,2134,1186,850,325,32221.7465753425,13560,5027,8534,2972,16533,5366,454,1580,2938,6175,5.42488425925926,415,1495,7717,6905,-9999,4594,5575,4653,1288,424,2710,2005,243,45,140956.52173913,9993,Health Care,Education,Administration,Retail Trade,Accommodation and Food Service,2040,1271,928,915,786,3855,Retail Trade,Finance,Health Care,Accommodation and Food Service,Manufacturing,1858,627,348,328,160,Outside of Chicago,The Loop,Near North Side,Near West Side,Hyde Park,2833,2417,771,739,260,Outside of Chicago,Chatham,South Shore,Auburn Gresham,Roseland,1743,174,128,124,114,,,,,,,,,,,,,,,,11046,,,,,,,,,,1.11134523283178,1889.82255970298,527.917895002462,0.279347863793854,255.669632892509,0.135287639349956,17.706242951550394,0.009369262135559019,178.998069815762,0.0947168658225218,69.0787711084159,0.0365530460803012,46.855866722800073,0.02479379160875517,685.507865266242,0.362736629291789,n/a,n/a,34.8873495490552,0.0184606482602993,73.2008663941873,0.0387342536569634
16,Chicago Lawn,61412,55628,-5784,55551,18975,12949,11042,8239,3484,862,30.3917609225992,1873,26377,26100,529,672,55255,40742,25571,19975,5588,15171,529,18718,11300,2703,4126,555,34,31956,22118,2733,6074,4888,2322,1272,864,285,33121.704745167,15705,7021,8684,3025,18730,8045,114,4071,3609,2851,5.81055607917059,297,1914,10616,5903,-9999,3259,5480,6749,2126,1116,4742,2078,149,52,118931.966726084,15976,Health Care,Manufacturing,Administration,Retail Trade,Accommodation and Food Service,2363,1917,1751,1718,1628,3477,Retail Trade,Health Care,Accommodation and Food Service,Finance,Transportation,1638,421,314,204,199,Outside of Chicago,The Loop,Near West Side,Near North Side,New City,6906,2082,971,896,252,Outside of Chicago,Chicago Lawn,Gage Park,Ashburn,West Lawn,1780,194,88,74,72,,,,,,,,,,,,,,,,13492,,,,,,,,,,5.55201162110719,2256.18607444785,672.622691159264,0.298123766819132,255.773498670769,0.113365427420858,34.140047970078705,0.015131751922736981,105.497757733578,0.0467593337838487,65.3707773698763,0.028974018637126,54.710983524593765,0.02424932240483886,706.75951077586,0.313254087852139,n/a,n/a,308.419797564126,0.136699628216438,52.8910096797072,0.0234426629428829
17,Clearing,22331,23139,808,24962,6574,5448,5574,4068,2287,1011,36.1279338014042,11871,12361,140,319,271,24952,19513,13331,11966,1365,6182,159,11692,8264,1204,1838,302,84,16941,14212,2897,1708,1766,1897,1437,1277,445,60623.9168110919,8530,6034,2496,622,9152,5234,525,529,831,2007,5.71517140773158,277,2217,5767,891,-9999,971,2618,4227,926,410,1528,4130,364,0,183710.895361381,10014,Public Administration,Education,Manufacturing,Health Care,Retail Trade,1202,1078,1027,973,908,3689,Manufacturing,Wholesale Trade,Construction,Professional,Real Estate,855,549,414,391,263,Outside of Chicago,The Loop,Near West Side,Near North Side,Garfield Ridge,4371,2323,433,394,227,Outside of Chicago,Clearing,Garfield Ridge,Brighton Park,Chicago Lawn,2310,223,113,68,66,,,,,,,,,,,,,,,,17022,,,,,,,,,,1.37782199227766,1633.2689099194,517.285005710175,0.316717597799436,77.1708341767004,0.0472493131461792,10.412508702940164,0.006375256786988017,45.0972195959613,0.0276116316927791,19.7610873312174,0.0120991021204173,131.305402543551820,0.08039423376401118,782.299514648269,0.478977778795089,n/a,n/a,34.393192571235,0.0210578872605445,15.5441446393476,0.00951719863455594
18,Douglas,26470,18238,-8232,20323,4185,6391,3617,3369,1969,792,33.4924809424809,2165,485,14365,2913,395,17720,17470,9591,8101,1490,7879,327,7366,3240,448,2712,897,69,13384,11560,5422,4407,1809,1480,750,445,385,29184.7826086957,9276,1688,7588,1267,10543,706,675,290,604,8253,3.97256744468021,1120,3195,4884,1344,-9999,5067,3162,1633,558,123,531,591,496,70,224835.526315789,6383,Health Care,Education,Administration,Accommodation and Food Service,Retail Trade,1170,790,582,513,490,6188,Education,Health Care,Administration,Real Estate,Accommodation and Food Service,2488,921,629,615,428,The Loop,Outside of Chicago,Near North Side,Near West Side,Near South Side,1651,1620,611,560,221,Outside of Chicago,Douglas,Auburn Gresham,Lake View,South Shore,2339,156,152,144,144,,,,,,,,,,,,,,,,11547,,,,,,,,,,3.67344956371894,1052.85884408435,70.367915036668,0.0668350894633605,166.382451546201,0.1580292101653,3.524405597480572,0.0033474625941387896,51.1374982771908,0.048570136979439,230.893511869572,0.219301488672373,0.811398637635713,0.0007706623183104554,333.117739195798,0.316393542275368,n/a,n/a,74.6555154834601,0.0709074306616917,121.968408440346,0.115844976870018
19,Dunning,42164,41932,-232,43025,9829,8925,8357,9413,4563,1938,40.6113198458574,28340,11448,1035,1775,427,42858,35012,23552,21824,1694,11460,224,21278,16483,1900,2115,499,281,30942,26769,7306,2972,3669,2750,2427,2479,1135,59737.3188405797,15432,11214,4218,1054,16486,10595,483,1230,1203,2908,5.79964261782444,779,3263,8229,4215,-9999,1585,6465,5767,2047,622,1443,7403,2100,245,227721.322769549,19146,Health Care,Retail Trade,Manufacturing,Education,Accommodation and Food Service,2296,2039,1997,1806,1530,6714,Health Care,Education,Administration,Retail Trade,Manufacturing,1620,1069,791,738,727,Outside of Chicago,The Loop,Near North Side,Near West Side,O'Hare,9742,3027,738,668,524,Outside of Chicago,Dunning,Portage Park,Austin,Belmont Cragin,2893,485,224,208,173,,,,,,,,,,,,,,,,15422,,,,,,,,,,1.70443718719181,2378.21398489433,1011.55813588389,0.425343615969376,138.364162743535,0.0581798625449102,21.705805945752303,0.009126935626323277,68.0315249227817,0.0286061411441093,358.008877339201,0.150536864896583,29.324791135054074,0.012330594017744395,641.289942900653,0.269651909783529,0.085958141533734,3.614398959879691e-05,73.3334099789278,0.0308354969084862,36.5113759029975,0.0153524351193401
20,East Garfield Park,20881,20567,-314,20656,6965,4909,3520,3426,1371,465,29.7944665341286,878,727,18854,57,140,19817,14987,7032,5604,1428,7955,274,5229,2648,204,1939,264,174,11805,9258,1500,3753,1403,741,575,289,162,21481.9277108434,6923,1580,5343,1488,8411,967,330,2104,2467,2540,5.54623983739837,670,991,1134,5616,-9999,1880,2389,2982,879,282,666,752,143,15,174596.774193548,6873,Health Care,Administration,Retail Trade,Education,Accommodation and Food Service,1279,813,775,700,586,3248,Health Care,Professional,Administration,Construction,Manufacturing,1155,533,379,276,169,Outside of Chicago,The Loop,Near West Side,Near North Side,West Town,2588,1113,555,431,184,Outside of Chicago,Austin,Lake View,West Town,East Garfield Park,1380,108,85,75,74,,,,,,,,,,,,,,,,7995,,,,,,,,,,8.86189231350156,1236.98852356039,58.8350693009222,0.0475631488735068,208.1052651701,0.168235404942252,9.221605528081476,0.007454883656914768,38.6635776149525,0.0312562136822969,82.5245664608267,0.0667140922401596,74.813903816058897,0.06048067737987102,412.463766438061,0.333441869978614,n/a,n/a,183.051247627688,0.147981362915815,169.309521603698,0.13687234633057
21,East Side,23653,23042,-611,23784,8281,4822,4721,3854,1389,717,31.1043797953964,4040,18968,684,28,64,23774,17273,11267,9330,1912,6007,57,9107,6458,1185,1115,349,0,13800,9685,1699,1704,2124,1157,903,661,252,43421.0526315789,6802,4564,2238,935,7737,4804,226,1634,870,183,6.04533333333333,59,485,3915,3277,-9999,369,2373,3645,1019,331,3265,1214,69,10,119199.785177229,7270,Manufacturing,Health Care,Education,Accommodation and Food Service,Retail Trade,1108,822,718,686,672,1417,Administration,Transportation,Retail Trade,Accommodation and Food Service,Construction,279,260,197,155,123,Outside of Chicago,The Loop,Near North Side,Near West Side,East Side,3294,1235,358,311,199,Outside of Chicago,East Side,Hegewisch,South Chicago,South Deering,810,199,44,30,23,,,,,,,,,,,,,,,,18054,,,,,,,,,,8.81794326005072,1908.48078875306,465.409111089725,0.243863660474051,80.8951059837197,0.0423871733267873,11.951560234189905,0.006262342437305159,58.4246540501733,0.0306131737843409,99.845034380175,0.0523164995783953,112.395863056279940,0.05889284488407967,739.722681350754,0.38759765658111,n/a,n/a,209.725962497046,0.109891576448131,130.110816110996,0.0681750724857996
22,Edgewater,62198,56521,-5677,54873,7999,16748,12209,10783,5179,1955,37.9344355377421,29912,8918,7853,6324,1866,51818,49223,34299,31487,2812,14924,1908,29202,10689,2028,13819,2171,495,42621,38951,23300,8078,6861,5059,3352,2803,2522,46173.6641221374,28675,10751,17924,3718,32393,1963,421,1922,2825,25234,4.30441712204007,1110,6273,11263,13747,-9999,17589,9853,3750,803,398,2429,4576,2265,1408,231771.192281185,26025,Health Care,Professional,Education,Accommodation and Food Service,Retail Trade,3590,3105,2917,2743,2149,9299,Health Care,Accommodation and Food Service,Retail Trade,Professional,Other Service,3018,1591,1229,758,601,Outside of Chicago,The Loop,Near North Side,Near West Side,Edgewater,8552,5384,3036,1482,950,Outside of Chicago,Edgewater,West Ridge,Rogers Park,Lincoln Square,3377,950,450,374,352,,,,,,,,,,,,,,,,7649,,,,,,,,,,1.48095783817389,1111.66463479597,148.265371475685,0.133372392028012,355.067421933903,0.319401563043401,24.599573461763210,0.02212859228563853,77.2921921685027,0.0695283359290176,61.802902337908,0.0555949163114748,6.569742370468953,0.0059098240286062104,348.572128203659,0.313558709428258,n/a,n/a,81.2645994541159,0.0731017223274635,8.2307033899614,0.00740394461812851
23,Edison Park,11328,11187,-141,11208,2456,2187,2658,2197,1120,588,41.3860927152318,9787,1060,120,164,78,11203,9135,6243,5930,312,2893,192,5630,4103,350,806,272,99,8351,7915,3870,362,874,654,729,738,1083,86299.7256515775,4440,3510,928,409,4848,3263,106,151,243,1085,6.13984168865435,200,571,2892,1185,-9999,483,1464,1765,856,279,232,1246,1536,469,329606.741573034,5978,Public Administration,Education,Health Care,Professional,Retail Trade,910,724,694,470,469,2421,Administration,Professional,Accommodation and Food Service,Health Care,Real Estate,807,380,225,190,128,Outside of Chicago,The Loop,Near North Side,Near West Side,O'Hare,2945,1435,243,172,163,Outside of Chicago,Edison Park,Norwood Park,Portage Park,Jefferson Park,1301,121,86,73,57,,,,,,,,,,,,,,,,14890,,,,,,,,,,1.80518368585127,726.269824353444,379.041753540504,0.521902109698614,40.0163117506248,0.0550984088954115,5.992233785532012,0.008250699099148925,23.7762007381705,0.032737420640238,10.7428918935541,0.0147918742226663,9.081289905874062,0.012504016553294918,236.621007013812,0.325803164442997,n/a,n/a,20.232498751021,0.0278581018687274,0.765636974351692,0.00105420457890192
24,Englewood,40222,30654,-9568,26121,8266,6184,3902,4593,2234,942,31.392246264812,199,682,24810,76,354,25992,19540,9960,6371,3583,9580,332,5800,2788,360,2435,163,54,15575,11569,972,5320,2267,850,362,231,73,19853.7844036697,9103,2500,6603,5177,14280,3327,376,4988,2167,3374,5.70689655172414,600,2079,4206,7395,-9999,2520,4878,4734,1508,640,1841,584,57,15,96556.8862275449,7205,Health Care,Retail Trade,Administration,Accommodation and Food Service,Education,1506,894,873,689,588,1713,Health Care,Retail Trade,Education,Other Service,Accommodation and Food Service,942,294,165,81,46,Outside of Chicago,The Loop,Near West Side,Near North Side,Hyde Park,2798,1042,485,463,106,Outside of Chicago,Englewood,Auburn Gresham,West Englewood,South Shore,625,100,80,48,48,,,,,,,,,,,,,,,,7668,,,,,,,,,,1.67102596513401,1966.30676318165,237.933269189619,0.121005162391154,305.825942829199,0.155533179540281,13.530140584632074,0.00688099173434118,38.2408559562668,0.0194480620584297,169.938567741397,0.0864252571996561,13.497832132685238,0.00686456070101932,720.565354335226,0.366456225359919,n/a,n/a,43.6488692352654,0.022198402636137,423.125931177356,0.215188158379063
25,Forest Glen,18165,18508,343,18459,5030,2290,3842,4054,2164,1079,42.5693181818182,13258,2205,177,2475,344,18425,14063,9449,8875,574,4614,364,8336,6162,676,1220,191,87,12709,12016,7441,734,971,884,695,1426,1957,101558.603491272,6665,5958,709,498,7165,5858,304,254,290,459,6.84690656565657,315,711,4567,1571,-9999,350,1483,3686,1262,383,312,927,2926,1765,409600.903614458,8720,Health Care,Education,Public Administration,Professional,Retail Trade,1169,1091,922,827,707,4498,Health Care,Professional,Wholesale Trade,Retail Trade,Finance,1722,589,343,304,237,Outside of Chicago,The Loop,Near North Side,Near West Side,Forest Glen,3464,2207,542,387,239,Outside of Chicago,Forest Glen,West Ridge,Portage Park,Norwood Park,2573,239,126,110,86,,,,,,,,,,,,,,,,17034,,,,,,,,,,25.5394505702832,2046.16379469471,822.334900200565,0.401891042316708,33.1467953894595,0.0161994828935017,6.030397212460783,0.0029471722782391132,47.5515632545446,0.0232393728096628,42.8360464946276,0.020934808154505,10.390961408586170,0.0050782647193386285,605.475151894114,0.295907470097941,n/a,n/a,471.432718076858,0.230398328471645,6.96526076348958,0.00340405825845864
26,Fuller Park,3420,2876,-544,2543,568,473,411,535,457,99,43.6575,70,181,2273,16,3,2534,2074,1042,718,324,1032,42,683,361,64,206,50,2,1775,1337,205,623,219,84,75,71,15,20092.5925925926,1086,385,706,436,1526,303,69,442,216,482,5.35324675324675,61,217,580,669,-9999,476,431,462,95,63,318,36,14,14,93888.8888888889,877,Health Care,Administration,Retail Trade,Accommodation and Food Service,Education,173,91,89,88,70,1425,Manufacturing,Wholesale Trade,Retail Trade,Health Care,Accommodation and Food Service,521,240,237,176,128,Outside of Chicago,The Loop,Near North Side,Near West Side,Hyde Park,276,148,67,66,22,Outside of Chicago,Auburn Gresham,West Englewood,Chicago Lawn,Austin,629,42,36,36,34,,,,,,,,,,,,,,,,7070,,,,,,,,,,4.42535701322294,457.224630766108,27.7875571754691,0.0607744100069792,27.8304610389338,0.0608682454230476,3.915838231572552,0.008564364139813126,16.7077997464857,0.0365417753599379,20.0906594028365,0.0439404573834383,34.175120928675852,0.07474470671322614,262.792424236475,0.574755615847183,n/a,n/a,11.2536828846259,0.0246130285364761,52.6710871210331,0.115197396589898
27,Gage Park,39193,39894,701,41202,14775,9635,9283,4848,2192,469,28.9082458770615,1460,38009,1342,350,41,41148,29261,19821,16664,3157,9440,292,15778,8613,3495,3064,584,22,23261,12910,1355,2865,3416,1844,933,554,130,38582.3170731707,9742,5415,4327,933,10675,5125,91,2562,2167,730,5.70033860045147,99,1148,4563,4865,-9999,1250,3735,3799,1143,748,3267,2015,105,17,126691.419141914,10538,Manufacturing,Administration,Health Care,Accommodation and Food Service,Retail Trade,1773,1317,1112,1107,1078,4233,Administration,Wholesale Trade,Retail Trade,Accommodation and Food Service,Other Service,1185,1154,654,294,216,Outside of Chicago,The Loop,Near North Side,Near West Side,West Town,4643,1187,575,534,250,Outside of Chicago,Gage Park,Chicago Lawn,New City,Ashburn,1959,246,145,104,101,,,,,,,,,,,,,,,,16901,,,,,,,,,,0.621316793192687,1406.90760977567,408.123403484047,0.290085433221249,155.779918797258,0.110725052387837,18.572843571758821,0.01320118211224988,63.7481787727103,0.0453108493619385,96.2875094606474,0.0684391134084492,135.345192716692740,0.09620048379599945,482.224137339182,0.342754658506731,n/a,n/a,25.5994945131251,0.0181955761240121,21.2269311202497,0.0150876510815335
28,Garfield Ridge,36101,34513,-1588,35570,9027,6779,7628,6879,3605,1652,38.6250841121495,16837,16581,1462,417,273,35325,28575,18312,16225,2087,10263,175,15500,11828,1451,1864,338,19,24333,19754,5150,2143,2858,2137,1545,2131,1202,60851.4190317195,12016,9730,2308,608,12646,10266,189,620,693,822,5.93054256314312,348,2029,9125,1144,-9999,804,2547,6693,1828,774,2132,6471,1004,101,199981.160512434,15179,Public Administration,Manufacturing,Education,Health Care,Retail Trade,1722,1706,1609,1462,1374,11927,Transportation,Administration,Retail Trade,Accommodation and Food Service,Manufacturing,5031,1219,1083,1025,722,Outside of Chicago,The Loop,Near West Side,Near North Side,Garfield Ridge,6569,3437,723,720,604,Outside of Chicago,Garfield Ridge,Clearing,Austin,Ashburn,6984,604,227,178,169,,,,,,,,,,,,,,,,17432,,,,,,,,,,1.24226279674641,2706.39986191819,1032.12762405997,0.381365532338019,95.9103600253403,0.0354383553498126,15.277344586008248,0.005644895568085157,100.910656513778,0.0372859376523383,55.4149392114171,0.0204755180456377,114.236870587631640,0.04220990112919427,1206.51327831023,0.445800081239697,n/a,n/a,44.1872876802699,0.0163269619918439,41.8215009435387,0.0154528166853723
29,Grand Boulevard,28006,21929,-6077,22373,6243,4302,5129,3606,2293,800,36.8501177163037,719,574,20274,117,689,22085,17406,10355,8132,2223,7051,289,7623,4255,497,2493,295,83,14539,12218,3940,4385,1923,1327,779,683,600,30260.2040816327,9697,2476,7355,2379,12210,1083,700,668,3193,6546,5.1070799577316,2973,2549,2415,4273,-9999,3408,3351,3667,1310,474,771,1183,418,104,211333.333333333,7696,Health Care,Education,Administration,Retail Trade,Accommodation and Food Service,1473,1003,737,709,602,4128,Education,Health Care,Management,Retail Trade,Accommodation and Food Service,1594,1001,393,225,203,Outside of Chicago,The Loop,Near North Side,Near West Side,Hyde Park,1994,1825,681,588,231,Outside of Chicago,South Shore,Grand Boulevard,Roseland,Chatham,1465,136,134,130,127,,,,,,,,,,,,,,,,9140,,,,,,,,,,1.00606966489996,1113.23468990329,62.3469595044337,0.0560052251963601,255.158471603464,0.22920456388727,7.311707537710506,0.006567983915723747,42.3507279036989,0.0380429466381237,112.6449431418,0.101187058006238,8.173339553368495,0.007341973464803324,378.135192385411,0.339672483991908,n/a,n/a,22.5087966128067,0.0202192734532573,224.604551660594,0.201758491446316
30,Greater Grand Crossing,38619,32602,-6017,32346,9327,6621,5992,6408,2619,1379,35.6689927184466,466,358,31077,4,441,31805,24933,14274,10714,3560,10659,429,9798,4976,775,3732,265,50,20423,17386,3150,5748,2770,1758,836,569,278,26515.0523560209,11959,3929,8030,3683,15642,4302,213,4441,2605,4050,5.61309523809524,309,1223,5289,8821,-9999,3156,5812,4638,1554,482,2326,1485,69,40,124572.31726283,9094,Health Care,Education,Administration,Retail Trade,Accommodation and Food Service,2002,981,918,891,835,3407,Education,Health Care,Accommodation and Food Service,Retail Trade,Wholesale Trade,797,752,322,319,297,Outside of Chicago,The Loop,Near North Side,Near West Side,Hyde Park,2894,1760,702,646,229,Outside of Chicago,South Shore,Greater Grand Crossing,Chatham,Auburn Gresham,1195,150,148,133,119,,,,,,,,,,,,,,,,10175,,,,,,,,,,1.07538893097882,2269.35647214377,375.530991543157,0.165479066930551,327.665989460103,0.144387183539557,21.210590598359460,0.009346522178740248,81.6996842231013,0.036001256402844,255.313563096995,0.112504829554526,41.081071220411872,0.018102520130565583,992.347006332144,0.437281237440284,n/a,n/a,34.784530361441,0.015327927008568,139.723045308057,0.0615694568143655
31,Hegewisch,9781,9426,-355,8985,2199,1910,1349,2218,1034,275,39.3454965357968,4087,4267,566,0,65,8969,7190,4406,4007,399,2783,3,3982,2903,332,639,108,0,6330,5533,1224,950,817,512,487,491,291,50337.8378378378,3547,2516,1031,378,3925,2507,18,770,259,164,5.77229437229437,246,694,1587,1399,-9999,416,1059,1747,541,162,1519,919,56,10,134204.275534442,3617,Manufacturing,Public Administration,Education,Health Care,Retail Trade,433,395,391,382,308,2354,Manufacturing,Wholesale Trade,Retail Trade,Accommodation and Food Service,Finance,1118,464,261,122,91,Outside of Chicago,The Loop,Near North Side,Near West Side,Hegewisch,1646,828,136,124,104,Outside of Chicago,East Side,Hegewisch,South Deering,Auburn Gresham,1517,190,104,55,36,,,,,,,,,,,,,,,,15989,,,,,,,,,,64.529214671648,3350.91251756315,374.468539320223,0.111751213246398,34.0654533346681,0.0101660228836535,6.812905480337836,0.002033149312203563,48.0146585060049,0.0143288308048466,17.4174576728836,0.00519782524359958,301.356200521067480,0.08993257775055834,1562.02808405214,0.46615006386024,n/a,n/a,579.794993824757,0.173026001361085,426.954224851069,0.127414315537416
32,Hermosa,26908,25010,-1898,25489,7913,6230,4987,4214,1675,470,31.4001787538304,1880,22491,379,355,384,25480,19020,13254,11975,1279,5766,319,11507,7096,1391,2142,654,224,15446,8927,1721,2017,2269,1255,756,580,222,39156.9200779727,7099,2883,4216,752,7851,2246,60,2486,2115,937,5.7507722007722,65,519,1964,5303,-9999,1109,3050,2557,741,394,559,1859,435,30,212533.422459893,7919,Manufacturing,Retail Trade,Health Care,Administration,Accommodation and Food Service,1125,963,962,908,796,3564,Manufacturing,Retail Trade,Health Care,Construction,Wholesale Trade,2582,224,155,108,107,Outside of Chicago,The Loop,Near North Side,Near West Side,West Town,3251,870,430,345,312,Outside of Chicago,Belmont Cragin,Hermosa,Logan Square,Austin,1645,248,192,118,105,,,,,,,,,,,,,,,,13257,,,,,,,,,,0.609156138563039,748.440299540338,166.986319868129,0.223112411197907,146.330089507682,0.195513375746272,14.408790346506315,0.019251756426471988,26.352190291824,0.0352094753689886,19.073402948825,0.0254842008915595,111.649166687351840,0.14917578163004094,245.550703378858,0.328083219903666,n/a,n/a,15.5267808158333,0.0207455168105849,2.56285569532801,0.00342426202450885
33,Humboldt Park,65836,56323,-9513,55011,17991,13599,10691,8278,3546,906,30.2106724461106,2958,28612,22481,271,689,54647,40497,24206,19993,4213,16291,499,19116,10104,2323,4846,1068,775,32114,22183,4092,6661,4471,2323,1668,906,490,32073.0247406225,16519,5983,10536,3124,19643,4158,236,6552,5454,3225,5.63748959200666,908,1561,3348,13826,-9999,3364,7342,6509,1671,757,2471,2685,642,180,166840.052015605,17232,Health Care,Administration,Retail Trade,Manufacturing,Accommodation and Food Service,2535,2134,1999,1763,1726,9169,Manufacturing,Retail Trade,Health Care,Administration,Wholesale Trade,1715,1178,992,849,791,Outside of Chicago,The Loop,Near North Side,Near West Side,West Town,6866,2211,1127,975,798,Outside of Chicago,Humboldt Park,Austin,West Town,Logan Square,3634,405,340,322,317,,,,,,,,,,,,,,,,10502,,,,,,,,,,0.336160789181113,2306.72352216607,281.876462380628,0.122197766516873,425.752555348301,0.184570257881841,38.524299182071090,0.016700874123785698,136.180294813288,0.0590362449182517,103.158374261302,0.0447207362607694,322.090412298614640,0.13963113013048226,826.4534883149,0.358280253516833,n/a,n/a,18.4925411736422,0.00801680001783538,154.195094393322,0.0668459366333288
34,Hyde Park,29920,25681,-4239,26893,5987,9252,4405,3847,2421,981,30.7860655737705,12584,1891,8047,3244,1127,23940,23506,14281,13153,1123,9225,894,11814,3313,558,3312,4437,194,16960,16398,12386,3544,2562,2498,1035,1387,1442,51231.9538017324,12468,4489,7979,1909,14377,745,1010,113,1246,11232,4.57860480640854,211,2214,3582,8370,-9999,6559,3433,2699,1314,372,1177,1498,1025,724,255480.769230769,10976,Education,Health Care,Professional,Accommodation and Food Service,Retail Trade,2827,2115,774,766,750,25816,Education,Health Care,Accommodation and Food Service,Retail Trade,Real Estate,12726,9314,1130,772,460,Hyde Park,Outside of Chicago,The Loop,Near North Side,Near West Side,3046,2860,1801,686,604,Outside of Chicago,Hyde Park,Kenwood,Near North Side,Lake View,9943,3046,834,691,636,,,,,,,,,,,,,,,,8085,,,,,,,,,,10.3633715570299,1032.26186667911,98.5925868106589,0.0955112166720261,177.606989036786,0.172056136887208,6.437151972925154,0.006235968004547234,39.949156851175,0.0387006031518875,174.923655281808,0.169456666886818,n/a,n/a,251.500997648181,0.243640694058848,n/a,n/a,278.702151283205,0.269991714582867,4.54917779437377,0.00440699975579735
35,Irving Park,58643,53359,-5284,56520,13440,15078,13404,9685,3593,1320,34.6804827226949,22650,26359,1271,4614,1626,56101,45072,31818,29649,2156,13254,1502,27719,15813,2557,7539,1492,318,39192,31434,13825,4031,5748,3594,2388,2707,1832,51996.7707212056,20300,9127,11173,2177,22477,5643,534,5063,4250,6898,5.53212627669452,1347,1611,4131,15388,-9999,4885,9232,5505,1966,889,1327,3829,2864,1064,276071.706936867,22402,Health Care,Retail Trade,Accommodation and Food Service,Education,Professional,2820,2180,2156,2061,2057,9943,Wholesale Trade,Health Care,Retail Trade,Manufacturing,Accommodation and Food Service,1592,1581,1083,927,768,Outside of Chicago,The Loop,Near North Side,Near West Side,Irving Park,8520,3964,1830,1172,641,Outside of Chicago,Irving Park,Belmont Cragin,Portage Park,Albany Park,4115,641,416,357,285,,,,,,,,,,,,,,,,15815,,,,,,,,,,1.67419518991202,2057.19425333848,512.790852564746,0.249267103353304,403.748364259522,0.19626166250674,47.231894366220196,0.022959375027210367,104.200291898683,0.0506516541787843,71.1176360753051,0.0345702093810019,68.495533878732587,0.03329560821374833,743.306158164793,0.361320355118887,n/a,n/a,94.6255121338272,0.0459973636326593,11.6780099966512,0.00567666858766486
36,Jefferson Park,25859,25448,-411,27264,5947,5557,5771,5816,3066,1107,39.7897106109325,17761,6218,250,2444,591,27230,22328,14915,13395,1520,7413,338,12718,8884,1460,2105,220,49,19824,17177,6085,2194,2191,1651,1285,1585,1349,60471.7484008529,10255,6341,3914,827,11082,5168,108,2463,1691,1652,5.71681131468981,448,1253,4982,4399,-9999,1581,4118,3734,1193,456,699,3092,2271,249,274960.598896769,12261,Health Care,Retail Trade,Education,Manufacturing,Public Administration,1526,1250,1134,1043,966,4735,Manufacturing,Administration,Accommodation and Food Service,Wholesale Trade,Retail Trade,937,641,533,372,363,Outside of Chicago,The Loop,Near North Side,Near West Side,O'Hare,5854,2132,607,443,324,Outside of Chicago,Jefferson Park,Portage Park,Belmont Cragin,Norwood Park,2394,292,194,138,119,,,,,,,,,,,,,,,,14974,,,,,,,,,,4.89732505359013,1489.16808585483,501.38467596015,0.336687765956479,176.249261290829,0.118354175707208,10.284764244474939,0.006906382390387537,57.910254202128,0.0388876546255593,26.2878060290635,0.0176526788874698,50.524502718716562,0.03392800530620676,525.503110033217,0.352883677151569,n/a,n/a,133.520670261081,0.0896612488068704,7.50304111517275,0.00503841116825019
37,Kenwood,18363,17841,-522,17601,3464,4931,3055,3365,2092,694,36.8296040515654,2978,667,11916,1520,520,17339,14850,9185,7812,1373,5665,564,7004,3426,261,2643,532,142,12659,11555,6843,3109,1993,1221,723,954,928,39157.6086956522,8928,2646,6282,1404,10332,720,737,197,688,7985,4.50770284149264,787,3552,2800,3193,-9999,3976,3494,1818,709,335,676,969,429,482,237676.056338028,6751,Health Care,Education,Administration,Retail Trade,Accommodation and Food Service,1272,1239,554,516,486,1149,Retail Trade,Real Estate,Health Care,Education,Other Service,217,205,202,164,139,Outside of Chicago,The Loop,Hyde Park,Near North Side,Near West Side,1756,1597,834,612,484,Outside of Chicago,Kenwood,South Shore,Hyde Park,Chatham,310,71,65,43,41,,,,,,,,,,,,,,,,9199,,,,,,,,,,7.02974524141128,666.520061310196,133.684397949438,0.2005707040335,128.125788170289,0.192230955387042,0.459894808147570,0.0006899939474342947,26.0420824380141,0.0390717158412645,54.0918224044302,0.0811555803708301,0.607836344294836,0.0009119550626878304,179.33306020386,0.269058758488589,n/a,n/a,123.73054599408,0.185636641980227,20.4446329976429,0.0306736948884244
38,Lake View,94817,94368,-449,98212,11355,49478,19564,10429,5234,2152,31.0208195503949,78186,7125,3428,6748,2725,97769,87818,73436,70696,2691,14382,4956,64766,21345,3000,34419,4981,1021,74665,72892,58630,8154,8783,8787,6438,8994,11247,76854.2249145697,52403,18990,33413,5009,57412,3464,1558,3489,8706,40066,4.45519386903407,5380,11881,15540,24611,-9999,26562,18455,8679,2713,1003,1488,5349,6063,5451,364297.497937861,53440,Professional,Finance,Health Care,Education,Accommodation and Food Service,10486,6045,5498,4993,4635,20517,Accommodation and Food Service,Retail Trade,Health Care,Other Service,Professional,5361,3154,2865,1567,1347,The Loop,Outside of Chicago,Near North Side,Near West Side,Lake View,16170,13822,7309,3929,2222,Outside of Chicago,Lake View,Uptown,Logan Square,Edgewater,7364,2222,753,650,636,,,,,,,,,,,,,,,,8027,,,,,,,,,,1.8131806091473,1994.17941570358,220.709785198737,0.110676994988872,632.357334146586,0.317101525152129,92.329567484968138,0.046299528897901523,124.109727161407,0.0622359884893401,96.3672153833623,0.0483242453635309,16.474278219374877,0.008261181561520883,623.441152091808,0.312630421908075,n/a,n/a,178.076093985575,0.0892979300574851,10.3142620317593,0.00517218358114498
39,Lincoln Park,64320,64116,-204,66959,11986,29457,12237,7744,4376,1159,30.0879208287088,53676,4418,3204,3785,1876,63227,57970,45458,43557,1901,12512,2598,40482,14849,1862,18717,3904,1150,46924,45612,38835,5179,3667,4500,3763,5631,9698,94087.1644964124,32438,13806,18632,3097,35535,3297,3218,1592,5328,22029,4.48403876300413,3142,11851,6118,14424,-9999,15475,10503,5963,2358,1236,463,2726,3678,5489,457044.887780549,31426,Professional,Finance,Health Care,Education,Accommodation and Food Service,6472,3809,3301,2810,2234,28353,Health Care,Retail Trade,Accommodation and Food Service,Transportation,Other Service,7853,5337,4082,2048,1766,The Loop,Outside of Chicago,Near North Side,Near West Side,Lincoln Park,9890,8782,4060,2382,1557,Outside of Chicago,Lake View,Lincoln Park,Logan Square,West Town,11293,1612,1557,935,933,,,,,,,,,,,,,,,,8725,,,,,,,,,,4.75359179311304,2024.4643432227,307.458403717682,0.151871483806055,372.189366075538,0.183845849062008,63.643921488734506,0.031437412914579306,249.678250603573,0.123330525153195,105.189178819887,0.0519590177876083,47.348767245753159,0.023388293997008508,532.91013959236,0.26323513248153,n/a,n/a,318.295752875056,0.157224677204425,27.750562804113,0.0137076075935907
40,Lincoln Square,44574,39493,-5081,40761,6995,13587,9891,6579,2865,844,34.740672906245,26405,7184,1398,4480,1294,40151,34711,26626,24709,1917,8085,1425,22893,11223,1483,8504,1460,223,32056,28766,18676,3573,3887,3293,2231,2579,2690,62933.9762611276,18253,6976,11277,1348,19601,2773,487,2892,3264,10164,5.06682607601309,1630,1865,5976,10130,-9999,6914,6897,4184,1036,570,695,1990,2448,1747,357943.207981581,20199,Health Care,Professional,Education,Accommodation and Food Service,Finance,2707,2609,2212,1973,1649,8956,Health Care,Accommodation and Food Service,Retail Trade,Administration,Education,4372,993,564,475,438,Outside of Chicago,The Loop,Near North Side,Near West Side,Lincoln Square,6533,4493,2124,1176,688,Outside of Chicago,Lincoln Square,Lake View,West Ridge,Albany Park,3251,688,474,298,263,,,,,,,,,,,,,,,,10678,,,,,,,,,,2.02809715875655,1638.02406239754,224.261114999624,0.136909536402889,346.592331343077,0.211591721574454,34.933512484003877,0.021326617408093745,54.4379167032144,0.0332338931722008,382.880873886588,0.233745573508959,41.365662497596922,0.025253391233490692,456.352388491388,0.278599319123209,n/a,n/a,82.6672682880755,0.0504676763826516,14.5329937039749,0.00887227119405272
41,Logan Square,82715,72791,-9924,73702,15958,27799,16776,8204,4157,808,31.5598164050933,32145,34595,3438,2008,1516,73249,60313,45081,42336,2739,15233,2434,39400,19787,2324,13565,3250,474,51308,44558,24291,6344,6017,5029,3258,4124,3996,59216.4009111617,28768,10522,18246,3242,32010,4776,1015,6770,8595,10806,5.43238318365222,3006,2926,3865,22213,-9999,7417,13406,8358,1943,886,767,3476,3978,2200,340600.083927822,34642,Professional,Health Care,Accommodation and Food Service,Education,Retail Trade,4126,3759,3553,3252,3063,14370,Retail Trade,Accommodation and Food Service,Health Care,Manufacturing,Administration,3085,2005,1528,1425,1404,Outside of Chicago,The Loop,Near North Side,Near West Side,West Town,11238,7010,3207,2377,1601,Outside of Chicago,Logan Square,West Town,Belmont Cragin,Avondale,5568,1342,577,495,409,,,,,,,,,,,,,,,,10946,,,,,,,,,,0.562204841563073,2297.00566290634,278.059221532237,0.121052910762273,621.249754930127,0.270460698013289,76.529192031662802,0.03331693659598227,188.191615602495,0.081929103894494,70.7771064832606,0.0308127696967487,125.225070169577930,0.054516657138378104,859.480529063324,0.37417431874149,n/a,n/a,41.4356212328816,0.0180389721723429,36.0575518607762,0.0156976329850025
42,Lower West Side,44031,35769,-8262,34410,9429,10583,7081,4431,2215,671,30.6950779578111,4617,27693,1117,598,385,34285,26709,18478,16380,2098,8231,350,15649,6734,1905,5104,1695,211,21977,14264,5075,4107,3666,2096,1014,731,344,36089.7435897436,11958,3177,8781,1871,13829,1607,243,3410,4629,3934,4.80134575569358,802,1043,1608,10376,-9999,2901,6734,3278,624,292,914,1715,467,74,197996.794871795,11481,Accommodation and Food Service,Manufacturing,Administration,Health Care,Education,1320,1264,1236,1217,1161,14280,Health Care,Wholesale Trade,Manufacturing,Administration,Education,2887,2403,1930,1415,1032,Outside of Chicago,The Loop,Near West Side,Near North Side,Lower West Side,3743,2023,978,912,703,Outside of Chicago,Lower West Side,South Lawndale,Brighton Park,Bridgeport,6149,703,513,305,271,,,,,,,,,,,,,,,,10396,,,,,,,,,,1.10095523979963,1872.14701044217,63.0684839389437,0.0336877839118243,226.170036264291,0.120807839877315,51.689325350992625,0.02760965087820987,72.4602169334774,0.0387043413414225,98.8443496759189,0.0527973226058639,490.418824450840420,0.26195529609344714,759.378082877512,0.405618831556481,n/a,n/a,37.8838698015053,0.0202355208165826,72.2338211486882,0.038583412918854
43,McKinley Park,15962,15612,-350,16336,4724,3970,3227,2864,1145,406,33.1212560386473,2802,9612,507,3136,279,16292,12290,8224,7088,1136,4066,163,6760,3542,1116,1817,285,0,10372,7113,2023,1435,1580,1044,497,412,198,43827.7511961722,5166,2883,2283,454,5620,1786,319,1958,971,562,5.64481525625745,479,336,1007,3798,-9999,453,2154,2344,414,255,676,1720,407,71,195712.209302326,5569,Accommodation and Food Service,Manufacturing,Health Care,Retail Trade,Administration,748,624,610,538,508,5018,Administration,Retail Trade,Wholesale Trade,Manufacturing,Transportation,1710,741,722,493,317,Outside of Chicago,The Loop,Near North Side,Near West Side,Armour Square,1694,1086,394,391,225,Outside of Chicago,McKinley Park,Bridgeport,Brighton Park,New City,2535,133,129,125,109,,,,,,,,,,,,,,,,13225,,,,,,,,,,4.50830083169312,905.229559732925,120.045155495829,0.13261294243556,107.687208455296,0.118961215193931,11.821041452920795,0.013058611846931321,61.3209681264582,0.0677407928929653,24.7300986708796,0.0273191461822964,162.789663846492660,0.17983246580516157,301.551461095506,0.333121535695845,n/a,n/a,73.6476023865387,0.081357929151438,41.6363602030034,0.045995360795871
44,Montclare,12646,13426,780,13024,3409,2937,2708,2364,1213,393,35.8867934782609,3637,8114,577,615,81,12941,10191,6432,5737,696,3759,108,5373,3798,570,765,101,140,8532,6618,1316,1049,1412,605,564,610,186,43014.9812734082,4425,2642,1782,584,5008,2520,91,820,648,928,5.54057971014493,545,635,2173,1655,-9999,827,2017,1402,468,293,534,1646,418,44,208347.978910369,5114,Manufacturing,Health Care,Retail Trade,Administration,Accommodation and Food Service,615,593,586,516,461,2298,Retail Trade,Health Care,Manufacturing,Accommodation and Food Service,Other Service,689,549,412,195,89,Outside of Chicago,The Loop,Near North Side,Near West Side,West Town,2595,692,270,176,127,Outside of Chicago,Belmont Cragin,Montclare,Austin,Portage Park,1264,116,109,84,74,,,,,,,,,,,,,,,,13473,,,,,,,,,,0.802780369670334,633.066887030142,249.145843460763,0.3935537437909,66.422055891669,0.104921071141897,5.827577207211466,0.009205310412853737,55.159080789118,0.0871299414314364,28.527306419505,0.0450620732247313,19.826208327782279,0.03131771497446573,193.169076716636,0.30513217587929,n/a,n/a,10.4554115345864,0.0165154926735074,4.53432668287025,0.0071624764709173
45,Morgan Park,25226,22544,-2682,22924,5741,3857,3934,5241,2695,1457,42.6631176061239,6558,641,15126,54,545,22564,18423,10699,9377,1314,7724,305,8864,6713,275,1590,247,38,15652,14224,5023,1793,1676,1315,1193,1320,841,60747.0119521912,8139,5974,2165,868,9007,6426,462,307,546,1215,6.53365774533658,564,1240,4597,2607,-9999,826,2022,3798,1827,533,2063,3062,763,86,184338.803088803,9155,Education,Health Care,Public Administration,Retail Trade,Administration,1398,1385,1229,765,692,3176,Health Care,Retail Trade,Accommodation and Food Service,Education,Professional,893,797,416,220,205,Outside of Chicago,The Loop,Near West Side,Near North Side,Morgan Park,3605,2600,460,385,232,Outside of Chicago,Morgan Park,Beverly,West Pullman,Mount Greenwood,1671,232,120,82,72,,,,,,,,,,,,,,,,16625,,,,,,,,,,2.98790819883795,2109.21355367557,907.743040100247,0.43037038071294,70.6361826488316,0.0334893460767589,6.631301152660384,0.003143968585402134,106.750763831136,0.0506116432094367,183.089598649297,0.0868046757665865,63.017071942519514,0.029877046746975618,645.875478258306,0.306216256354311,n/a,n/a,68.4948075501611,0.0324740979550413,56.9753095424095,0.0270125845925477
46,Mount Greenwood,18820,19093,273,18783,5513,3510,4122,3516,1488,634,36.3141557496361,16289,1205,664,383,242,18056,14574,9475,8791,672,5099,178,8398,7170,406,615,175,32,12040,11451,4274,748,817,1078,1007,1912,895,89535.7497517378,6457,5621,836,559,7016,6134,38,28,179,622,6.20794537554314,228,1124,4994,670,-9999,403,1769,3536,979,329,745,3787,1009,80,228886.861313869,9757,Public Administration,Education,Health Care,Retail Trade,Accommodation and Food Service,2123,1561,1098,670,607,2915,Education,Retail Trade,Health Care,Accommodation and Food Service,Administration,1036,514,439,257,200,Outside of Chicago,The Loop,Near North Side,Near West Side,Mount Greenwood,4303,3203,334,313,228,Outside of Chicago,Mount Greenwood,Beverly,Morgan Park,Ashburn,1894,228,94,66,44,,,,,,,,,,,,,,,,20779,,,,,,,,,,1.61715301851765,1735.17654778583,747.927257690118,0.431038131909119,19.6911626807905,0.0113482185463591,7.919742929514460,0.004564228890495571,36.7441478659871,0.0211760284063742,524.149192564147,0.302072543127088,0.181815786957802,0.00010478229848703736,365.265753754679,0.210506391537378,n/a,n/a,30.3749851468171,0.0175054147576954,2.92248936681974,0.00168426052700458
47,Near North Side,72811,80484,7673,85711,7721,36283,14429,14208,10183,2887,34.4730483271375,61334,4530,7910,9723,2214,83788,79466,58990,55273,3717,20476,4323,50102,14458,1373,14048,17115,3108,71363,69676,56374,9766,6404,7991,6819,7974,14810,84975.8029036516,53764,21884,31880,9769,63533,1555,1837,533,1570,58031,3.73395640357202,16300,24485,13919,8829,-9999,36082,18217,7620,1253,361,971,5441,6591,7094,396356.650768415,43261,Professional,Finance,Health Care,Education,Accommodation and Food Service,8989,5290,4644,3645,2947,150936,Accommodation and Food Service,Professional,Retail Trade,Health Care,Other Service,28550,20814,16824,14072,12178,The Loop,Outside of Chicago,Near North Side,Near West Side,Lincoln Park,13654,12496,7480,3213,748,Outside of Chicago,Near North Side,Lake View,West Town,Lincoln Park,65776,7480,7309,5002,4060,,,,,,,,,,,,,,,,6581,,,,,,,,,,0.86938296557788,1754.47994198197,86.0153742927351,0.0490261371672147,294.446169224237,0.167825326570341,22.617367010063539,0.012891208653268215,296.509110444299,0.169001140081056,121.115595702572,0.0690321917079039,82.697289198610420,0.04713492996972665,715.454041688852,0.407786959867223,0.981433057139127,0.000559386877931723,74.5156833626457,0.0424716644400437,60.1278780008207,0.0342710546652909
48,Near South Side,9509,21390,11881,22401,3634,7309,5679,3605,1827,347,35.4879156999227,10404,1393,5382,4450,772,22195,19032,15480,14893,583,3552,937,13388,6336,1011,3893,1624,524,17356,16245,12206,2082,2036,1967,1212,2181,3011,78290.0165016502,12489,6025,6464,1876,14365,422,1408,54,374,12107,3.80859683794466,9477,2283,1107,1498,-9999,5561,6580,1824,358,42,111,2009,2252,1556,353215.636822194,10920,Professional,Health Care,Education,Finance,Administration,1771,1612,1262,1124,681,14620,Arts and Entertainment,Health Care,Accommodation and Food Service,Administration,Construction,3695,3129,2710,1516,731,The Loop,Outside of Chicago,Near North Side,Near West Side,Hyde Park,3322,3015,1152,994,519,Outside of Chicago,West Town,South Shore,Austin,Near South Side,5018,276,273,272,265,,,,,,,,,,,,,,,,10237,,,,,,,,,,7.49920887690983,1140.88298475792,57.521785122161,0.0504186545777666,96.6026463741862,0.0846735797314777,8.569154193245185,0.007510984305777355,320.780473367335,0.281168601559431,48.5866380499975,0.0425868723603646,21.743697498740467,0.01905865701323798,335.435980857464,0.294014360226994,n/a,n/a,167.989778051657,0.147245405791815,83.652831243136,0.0733228844331356
49,Near West Side,46419,54881,8462,61768,12086,26997,11762,7005,3024,894,30.4356039559951,25876,6186,18772,9615,1319,56877,53553,38412,34543,3844,15141,1867,32186,12573,1600,8550,8796,667,41339,37942,27244,7277,3083,3933,2955,4663,5741,72143.1484502447,27652,10245,17407,2885,30537,1108,2677,1577,3231,21888,3.99107793153678,11822,7750,2926,8039,-9999,12984,11054,4903,1273,323,635,3804,4341,1404,321444.991789819,26284,Professional,Health Care,Education,Finance,Administration,4223,3608,2854,2829,1858,129742,Health Care,Finance,Education,Professional,Administration,29566,18154,16118,15180,8504,Outside of Chicago,The Loop,Near West Side,Near North Side,West Town,7947,7307,3863,2303,527,Outside of Chicago,Lake View,Near West Side,West Town,Near North Side,64980,3929,3863,3649,3213,,,,,,,,,,,,,,,,10068,,,,,,,,,,0.90094024871123,3638.48637718209,146.504251243081,0.0402651641522827,351.163372767203,0.096513587344848,47.575098333391942,0.013075519158666631,392.941826823276,0.107995959332847,567.487317327767,0.155967965384351,300.506244118841890,0.08259100432624844,1571.42514809114,0.431889798446399,n/a,n/a,55.6492772823953,0.0152946229595325,205.233841194992,0.0564063788948251
50,New City,51721,44377,-7344,40997,13788,9660,8114,6303,2365,767,29.653877617801,5061,24961,9827,799,349,40641,30092,18738,14608,4130,11354,294,13946,7425,2296,3164,1014,47,23402,15647,1794,4648,3783,1579,917,526,256,30420.9183673469,11710,4502,7203,3858,15564,3565,319,6070,3985,1597,5.39976275207592,772,1729,3690,9372,-9999,1989,5832,5601,1496,645,2473,1686,291,55,133750,11961,Manufacturing,Health Care,Retail Trade,Administration,Accommodation and Food Service,1488,1426,1354,1309,1261,10396,Manufacturing,Retail Trade,Wholesale Trade,Transportation,Other Service,4223,1310,1077,1047,827,Outside of Chicago,The Loop,Near West Side,New City,Near North Side,4597,1618,684,661,640,Outside of Chicago,New City,Brighton Park,Chicago Lawn,Bridgeport,4378,661,397,252,245,,,,,,,,,,,,,,,,11730,,,,,,,,,,2.03193977616983,3090.83937773875,244.780283980776,0.0791954074817879,330.237745614541,0.106844033369389,31.041348897207765,0.010043015861897524,162.766175128538,0.0526608326206901,87.9933019524474,0.0284690633185937,702.639141548863340,0.22732955539828528,1141.02640066912,0.369163926436025,n/a,n/a,83.3034350036345,0.0269517192008143,307.051544943624,0.0993424463125166
51,North Center,31895,31867,-28,34623,7493,11068,9170,4035,2023,834,33.6849672554078,26322,4987,674,1493,1147,34542,27681,22271,21317,943,5410,1719,19385,9861,1302,6561,1511,150,25565,23859,17419,1480,2139,2303,1910,2717,3994,92663.612565445,14543,7373,7170,1676,16219,3930,470,4021,3494,4284,5.67822759812392,2769,1577,1753,10120,-9999,3081,6722,3959,1601,856,339,1286,2277,3305,470878.048780488,16804,Professional,Health Care,Education,Finance,Accommodation and Food Service,2661,1896,1818,1751,1286,9585,Finance,Retail Trade,Accommodation and Food Service,Manufacturing,Information,1940,1052,1008,997,858,Outside of Chicago,The Loop,Near North Side,Near West Side,North Center,5009,4461,1797,1171,555,Outside of Chicago,North Center,Lake View,Lincoln Square,Logan Square,3929,555,419,306,297,,,,,,,,,,,,,,,,11868,,,,,,,,,,1.11695082645731,1309.78347445509,238.677932428528,0.182227014681052,303.332849254295,0.231590072076982,46.827471151094741,0.03575207052492111,73.4538568171299,0.0560809158534304,76.2341248643449,0.0582036087270535,87.000257438499617,0.06642338915956632,437.140407622113,0.333750132100251,n/a,n/a,38.6721884644316,0.0295256347470106,8.44438641465743,0.00644716212973333
52,North Lawndale,41768,35912,-5856,35276,12408,8324,5653,5820,2120,951,28.5875,811,2470,31397,99,499,34401,25141,12336,9450,2886,12805,448,8725,4347,805,2913,342,318,19565,14403,2134,5951,2436,1315,634,427,106,22383.4853090172,10869,2687,8182,3774,14643,1729,384,4055,4891,3565,5.59481566820276,1443,1079,1662,10459,-9999,1777,4892,6175,1463,336,1473,1021,146,47,135284.090909091,10610,Health Care,Administration,Retail Trade,Education,Accommodation and Food Service,2120,1332,1223,983,913,5771,Manufacturing,Health Care,Retail Trade,Education,Wholesale Trade,1281,1048,764,684,566,Outside of Chicago,The Loop,Near West Side,Near North Side,North Lawndale,4062,1490,797,706,270,Outside of Chicago,North Lawndale,South Lawndale,Austin,West Town,2573,270,234,221,101,,,,,,,,,,,,,,,,8495,,,,,,,,,,4.85988940889975,2054.34852641352,112.57884289541,0.054800264632774,353.545088718574,0.172095963354277,20.742111191590691,0.010096685603684914,72.1159627624858,0.0351040545629255,126.769582350346,0.0617079238115746,227.850030473544420,0.11091108813523719,671.90768389624,0.327066062674991,n/a,n/a,171.437458788347,0.0834510096919352,297.40176533698,0.1447669475326
53,North Park,18514,17931,-583,18442,4406,4007,3655,2729,2539,1106,38.1800803212851,9358,3632,473,4541,438,17774,14931,9334,8485,849,5597,371,7893,5039,878,1397,496,83,12831,11349,5831,1721,1464,971,847,774,753,51818.1818181818,6530,3301,3229,538,7068,2260,129,1055,1256,2339,5.57222914072229,307,1659,2675,2427,-9999,1807,2338,2165,556,202,371,1272,1411,220,299451.55393053,6666,Health Care,Education,Retail Trade,Accommodation and Food Service,Professional,1137,700,678,601,528,5184,Health Care,Retail Trade,Education,Accommodation and Food Service,Manufacturing,909,741,618,601,568,Outside of Chicago,The Loop,Near North Side,Near West Side,North Park,2916,1039,366,255,197,Outside of Chicago,West Ridge,North Park,Albany Park,Belmont Cragin,2463,265,197,140,134,,,,,,,,,,,,,,,,15313,,,,,,,,,,13.2614578387406,1613.6066617179,250.837365629984,0.155451369643538,247.841187730963,0.153594549161754,5.214480750232990,0.003231568680239266,79.2617529621345,0.0491208637411982,390.977224280672,0.242300204601551,70.332189962333203,0.043586948189378034,316.217405165568,0.19596932304984,n/a,n/a,244.567805462054,0.151565936894237,8.35724977395438,0.00517923603826535
54,Norwood Park,37543,37023,-520,36247,7398,5975,7934,8084,3987,2869,44.2534482758621,29297,4295,335,1520,800,35694,29620,19425,18031,1394,10194,525,17224,13507,1582,1767,333,35,27019,24911,9524,2418,2565,2520,1979,2803,2026,71282.0512820513,14311,11567,2743,1386,15696,11193,202,923,571,2797,5.94305588304645,298,2635,9529,3235,-9999,1931,4929,6668,1726,442,1329,5024,4368,802,286599.456275487,18172,Public Administration,Health Care,Education,Retail Trade,Professional,2280,2195,2011,1588,1412,13648,Health Care,Administration,Accommodation and Food Service,Retail Trade,Finance,7976,1410,840,637,539,Outside of Chicago,The Loop,Near North Side,Norwood Park,Near West Side,8548,4062,848,717,606,Outside of Chicago,Norwood Park,Portage Park,Dunning,Belmont Cragin,7249,717,420,333,318,,,,,,,,,,,,,,,,14904,,,,,,,,,,3.08774283644624,2799.79581343094,1320.78231178349,0.471742369728374,133.696898902308,0.0477523747485257,13.144118306270729,0.0046946703196057695,98.0510515406913,0.0350207865410503,197.634770906013,0.0705889943680667,15.398395640565010,0.005499828082711298,895.534618427696,0.319857117483966,n/a,n/a,111.921414592667,0.0399748488999687,13.6322333312368,0.0048690098277315
55,O'Hare,11665,12756,1091,13695,3011,3191,3169,2372,1577,375,37.1371283783784,10316,1161,106,1501,612,13683,11064,7145,6522,624,3919,250,6092,4783,315,926,39,29,10250,8833,3297,2031,1249,1311,1006,458,267,46638.418079096,6321,2778,3548,359,6685,861,38,435,390,4962,4.54197802197802,371,3420,2727,167,-9999,1840,3371,1392,14,67,1231,951,545,48,168483.412322275,5231,Health Care,Retail Trade,Accommodation and Food Service,Manufacturing,Professional,632,486,452,446,418,48138,Transportation,Accommodation and Food Service,Information,Professional,Administration,27468,3589,2840,2745,2593,Outside of Chicago,The Loop,O'Hare,Near North Side,Near West Side,2774,766,426,184,134,Outside of Chicago,Lake View,Austin,Portage Park,West Town,32852,741,686,677,640,,,,,,,,,,,,,,,,31817,,,,,,,,,,106.207620122348,8536.17097085753,97.3369087310136,0.0114028771287878,134.027558728978,0.0157011333520085,n/a,n/a,139.821688091056,0.016379907170136,55.9846253748306,0.00655851734530177,32.673972867936385,0.0038277083459885316,6481.92801219405,0.75934842850774,n/a,n/a,1454.51335757556,0.170394121971229,139.884847294101,0.0163873061788087
56,Oakland,6110,5918,-192,6422,2248,1143,1468,977,511,75,32.5162162162162,142,209,5946,109,16,6422,4732,3155,2477,678,1577,108,2306,1160,178,880,75,13,3708,3156,1044,1279,709,348,130,149,178,28435.6725146199,2793,558,2235,345,3138,269,92,102,292,2383,4.40593047034765,1515,786,569,268,-9999,1022,1188,700,151,77,122,281,110,45,196666.666666667,2206,Health Care,Education,Administration,Accommodation and Food Service,Retail Trade,410,291,229,203,193,249,Health Care,Real Estate,Accommodation and Food Service,Education,Retail Trade,115,56,50,16,4,The Loop,Outside of Chicago,Near North Side,Near West Side,Hyde Park,597,511,198,191,83,Outside of Chicago,South Shore,Oakland,South Chicago,Austin,89,11,11,9,8,,,,,,,,,,,,,,,,10286,,,,,,,,,,10.3884832332392,372.036837027841,25.6803599230094,0.0690263903116875,56.8090162502938,0.152697288537701,0.142606976504522,0.0003833141299764634,2.28502630941349,0.00614193564182597,63.4007085422442,0.170415136976073,n/a,n/a,117.1550084291,0.31490163545373,n/a,n/a,66.7148393238623,0.179323208574827,39.849271273413,0.10711109037418
57,Portage Park,65340,64124,-1216,64841,15210,14414,14529,13380,5286,2023,37.9223395180209,32639,27107,812,2868,1415,64760,52653,37416,33926,3490,15237,793,32533,21454,3998,5830,856,395,45298,37503,11163,4722,5153,4606,2890,3154,2065,57030.7082714215,22589,12933,9657,2193,24782,10422,207,5835,4208,4047,5.75155774525431,592,2380,6982,14827,-9999,3992,9370,7170,2969,1281,1704,7031,3845,258,253753.993610224,26218,Health Care,Retail Trade,Manufacturing,Accommodation and Food Service,Administration,3340,2865,2585,2424,2219,7775,Retail Trade,Health Care,Accommodation and Food Service,Finance,Other Service,1957,1922,694,563,514,Outside of Chicago,The Loop,Near North Side,Near West Side,Portage Park,11895,3932,1570,1055,830,Outside of Chicago,Portage Park,Belmont Cragin,Dunning,Logan Square,3713,830,343,295,189,,,,,,,,,,,,,,,,15569,,,,,,,,,,1.08050220630447,2529.75430926944,936.151451836376,0.370056273214422,401.264544930491,0.158617990474486,42.144648466496250,0.016659581648728182,145.721532182502,0.0576030374367004,90.0904882063771,0.0356123469683481,21.744740678463423,0.00859559388782818,811.887237097851,0.320935212610553,n/a,n/a,70.0608435589879,0.027694722488375,10.6888223118987,0.00422524127055859
58,Pullman,8921,7325,-1596,6501,1531,1353,1274,1316,820,207,40.0409090909091,464,551,5380,34,72,6501,5238,3384,2728,656,1854,37,2628,1551,254,730,93,0,4656,4070,1005,1085,710,499,337,225,38,36728.3950617284,2894,1276,1618,556,3450,985,1511,311,327,306,5.55235602094241,8,328,1509,1605,-9999,458,1489,1151,278,74,921,315,16,24,123391.089108911,2709,Health Care,Education,Administration,Retail Trade,Accommodation and Food Service,518,383,261,254,233,2539,Manufacturing,Transportation,Wholesale Trade,Education,Retail Trade,745,525,485,364,192,Outside of Chicago,The Loop,Near West Side,Near North Side,Hyde Park,1078,567,150,138,60,Outside of Chicago,Roseland,East Side,West Pullman,Washington Heights,1320,80,79,49,48,,,,,,,,,,,,,,,,13259,,,,,,,,,,0.424461913903208,1354.48933024143,139.514087174997,0.103001244867783,78.2055180687439,0.057738009685764,2.180721407390549,0.0016099952644158817,55.8922508109306,0.0412644452510881,164.389415616313,0.121366342241331,255.756464621322660,0.1888213210034919,445.248705833156,0.328720718496757,n/a,n/a,2.75942690228476,0.00203724521166431,210.542739806296,0.155440677977705
59,Riverdale,9809,6482,-3327,7090,3466,1463,1108,706,276,71,20.5974789915966,77,278,6676,26,33,7042,4151,2353,1393,960,1798,80,1280,654,77,437,104,8,3003,2238,151,1543,534,110,91,16,0,14845.5056179775,2294,241,2053,972,3266,540,1542,141,102,941,4.99688230709275,30,279,2375,582,-9999,431,1263,1244,270,58,228,13,0,0,55571.4285714286,1533,Health Care,Retail Trade,Administration,Accommodation and Food Service,Transportation,337,169,163,161,130,1153,Manufacturing,Utilities,Transportation,Professional,Health Care,290,255,166,138,95,Outside of Chicago,The Loop,Near West Side,Near North Side,Douglas,720,177,98,93,29,Outside of Chicago,West Pullman,Auburn Gresham,Roseland,Ashburn,834,18,16,15,13,,,,,,,,,,,,,,,,9844,,,,,,,,,,37.9973172716085,2258.71205403891,222.463742071375,0.0984914131367816,49.8567825948119,0.0220731024592801,0.834437822144472,0.00036943080932001716,28.7291256813964,0.0127192510572672,58.4877859875948,0.0258943081669087,252.313617480759180,0.11170685392570757,1143.90038680874,0.506439227064504,6.084900240831962,0.002693968994388315,269.400979455705,0.119271944812078,226.640295895548,0.100340499573764
60,Rogers Park,63484,54991,-8493,54402,11852,16546,12865,8665,3352,1122,33.8329998180826,22769,13135,13320,3501,1677,50990,45273,31691,28580,3093,13582,1678,26479,9696,2069,11558,2678,478,37029,31167,15502,8418,6171,3935,2128,1991,1177,37223.3400402414,23820,5925,17895,3744,27564,1515,609,855,3074,21498,4.42586232641481,1163,3430,7419,15552,-9999,14090,9008,3365,728,373,1950,2624,931,375,189788.13559322,21985,Health Care,Education,Accommodation and Food Service,Retail Trade,Professional,3543,2523,2371,2155,1997,10260,Education,Health Care,Manufacturing,Other Service,Accommodation and Food Service,3678,1757,1646,1041,733,Outside of Chicago,The Loop,Near North Side,Near West Side,Rogers Park,8718,3630,2260,1070,1057,Outside of Chicago,Rogers Park,West Ridge,Edgewater,Uptown,4525,1057,704,513,280,,,,,,,,,,,,,,,,9001,,,,,,,,,,1.2692295978305,1175.92111422827,145.870078559174,0.124047503522296,372.637649178178,0.31689000619972,21.812790366273951,0.01854953542575786,60.7574649868617,0.0516679769175975,80.2797439683824,0.0682696679199167,49.885075608477145,0.04242212764519971,371.123579998777,0.315602446038514,n/a,n/a,69.0486285811749,0.0587187590610531,4.50610298097194,0.00383197726994569
61,Roseland,52723,44619,-8104,42505,11631,7897,7019,8612,5569,1777,38.8567092651757,557,450,40846,185,467,41827,33790,18155,13540,4586,15635,370,12894,7463,1019,3913,460,39,28088,23648,5573,5109,3890,2340,1238,1373,382,37241.9724770642,14332,8012,6320,3450,17782,10414,1460,2511,1383,1955,6.25565217391304,812,1230,8942,6798,-9999,1551,5408,6818,2656,1349,5120,2561,162,120,125714.590443686,12893,Health Care,Education,Retail Trade,Administration,Transportation,2568,1602,1269,1259,1027,3499,Health Care,Administration,Accommodation and Food Service,Transportation,Retail Trade,1021,808,415,395,335,Outside of Chicago,The Loop,Near West Side,Near North Side,Hyde Park,4744,2834,797,670,248,Outside of Chicago,Roseland,West Pullman,Auburn Gresham,Washington Heights,1731,226,134,109,87,,,,,,,,,,,,,,,,13634,,,,,,,,,,1.65286838007374,3083.41842356944,1138.09610591446,0.369102064518694,182.021102302118,0.0590322419139619,15.566131469926736,0.00504833575324721,71.9145127830545,0.0233229821270266,322.040784754649,0.1044427776305,10.646760795430048,0.003452908211888126,1124.94438416613,0.364836758957895,n/a,n/a,70.2551704950342,0.0227848319118834,147.933470888634,0.0479770989749041
62,South Chicago,38596,31198,-7398,28095,8536,5733,5213,4858,2751,1004,34.0631842713955,782,6083,20818,110,302,27929,21333,12409,9700,2709,8924,318,9134,5184,711,2862,229,148,17287,13325,2766,4636,2828,1216,734,489,287,28503.8167938931,10190,3965,6225,3818,14008,4151,373,3391,3121,2957,5.63647767185148,447,1362,4990,7209,-9999,2463,4742,4803,1379,621,2585,1184,124,72,119157.420249653,8364,Health Care,Administration,Education,Retail Trade,Accommodation and Food Service,1691,877,822,781,721,2908,Health Care,Accommodation and Food Service,Retail Trade,Construction,Education,1114,631,356,149,145,Outside of Chicago,The Loop,Near West Side,Near North Side,South Chicago,3103,1542,591,509,200,Outside of Chicago,South Chicago,East Side,South Shore,South Deering,1400,200,141,100,85,,,,,,,,,,,,,,,,11994,,,,,,,,,,2.23852867762118,2140.67604425814,367.155135619274,0.171513637761342,271.262868734723,0.126718318478091,24.123320569176428,0.011269019725745791,65.836023916324,0.0307547814593029,73.2709723176001,0.0342279592066872,34.467409670743763,0.01610117970124182,631.83254985402,0.295155612895638,n/a,n/a,62.8914631977671,0.0293792530478672,609.83630037851,0.284880237724084
63,South Deering,16990,15109,-1881,15305,4415,2925,2670,3004,1851,440,37.063679245283,592,4580,9971,8,154,15221,11928,6989,5222,1767,4939,214,4841,3000,572,1198,50,21,9739,7673,1052,1984,1434,830,371,337,112,35056.0224089636,5068,2928,2140,718,5786,2737,1674,639,307,393,5.9255374934452,8,451,3511,1816,-9999,387,2054,2368,672,305,2373,502,6,36,106118.513323983,4580,Health Care,Education,Administration,Retail Trade,Accommodation and Food Service,814,485,445,424,407,6536,Manufacturing,Transportation,Wholesale Trade,Retail Trade,Administration,4246,523,424,384,363,Outside of Chicago,The Loop,Near West Side,Near North Side,South Deering,1668,900,263,261,105,Outside of Chicago,East Side,South Deering,Roseland,Hegewisch,4782,138,105,104,92,,,,,,,,,,,,,,,,14866,,,,,,,,,,36.1385952526346,6974.2208366159,417.031497909945,0.0597961417740682,63.4177742664483,0.00909316979661638,8.325779503666613,0.001193793500193568,63.8688720929397,0.00915785054548557,40.4788231614145,0.00580406386744932,646.243198786891300,0.09266170571972704,4541.85375080285,0.651234576191982,n/a,n/a,553.101200341572,0.0793065223053581,639.899939750177,0.0917521762991197
64,South Lawndale,91071,79288,-11783,73826,24137,19875,16014,9057,3641,1102,29.0102301790281,2267,62928,8158,181,292,65932,54964,29229,25383,3846,25735,627,24405,12380,5596,4080,2006,343,42353,20862,2461,7368,6316,2631,845,715,173,30700.557966522,18048,6452,11596,3441,21489,3700,477,8030,6324,2881,4.96247643732328,250,766,2208,18265,-9999,2617,10852,6056,1255,709,3446,2727,275,4,143090.452261307,16728,Manufacturing,Administration,Retail Trade,Health Care,Accommodation and Food Service,2905,2339,1753,1716,1647,11188,Health Care,Manufacturing,Administration,Transportation,Accommodation and Food Service,2013,2010,1421,1395,1139,Outside of Chicago,The Loop,Near West Side,South Lawndale,Near North Side,7450,1818,865,734,695,Outside of Chicago,South Lawndale,Brighton Park,Austin,Chicago Lawn,5518,734,224,189,184,,,,,,,,,,,,,,,,11173,,,,,,,,,,0.348515962767391,2938.43658785862,238.113976437161,0.0810342402558655,437.047747543629,0.148734789564449,42.993712342303802,0.014631492311234583,107.556341285067,0.0366032541690641,318.165580611107,0.108277164096629,488.645274815827520,0.16629430658291885,1057.5034481519,0.359886428218807,n/a,n/a,25.7295394672654,0.00875620034598595,222.680967204365,0.0757821244550468
65,South Shore,61556,52010,-9546,51451,13856,10799,9730,10365,4849,1852,36.5204202898551,1104,894,48089,182,1182,50431,40455,23772,18497,5276,16682,734,17365,8752,1235,6823,372,183,33537,29049,7376,10943,5036,3248,1617,1199,502,26425.1730103806,22545,5187,17358,6377,28922,3775,655,2438,5763,16260,5.05843967517401,931,2905,12271,12815,-9999,10623,9741,6033,1773,752,2602,1776,560,240,149170.918367347,15654,Health Care,Administration,Education,Accommodation and Food Service,Retail Trade,3202,1665,1646,1475,1447,3926,Health Care,Retail Trade,Other Service,Administration,Accommodation and Food Service,1734,719,321,281,219,Outside of Chicago,The Loop,Near North Side,Near West Side,Hyde Park,4991,3127,1398,1136,419,Outside of Chicago,South Shore,Greater Grand Crossing,Auburn Gresham,Chatham,1525,332,103,101,100,,,,,,,,,,,,,,,,9846,,,,,,,,,,2.81289247952241,1877.04452297336,373.164647994614,0.19880436687964,465.681463922868,0.248092923861603,19.642609239702281,0.010464647481343235,94.4994660925843,0.0503448186422829,72.0870579537773,0.0384045541123269,14.506622071712286,0.007728437921511239,610.50402799761,0.325247494412403,0.071970940517128,3.8342692267694e-05,144.726130963908,0.0771031955782551,82.1605257960671,0.0437712184183674
66,The Loop,16388,29283,12895,33442,4915,14245,5903,5855,2137,387,32.3109402079723,20378,2156,4131,5733,1044,29502,31273,22787,21494,1202,8486,1906,19442,4968,684,4817,8492,481,24846,24408,19569,3139,2009,2150,2396,3355,5046,93254.3823038397,18095,7455,10640,3371,21466,417,186,72,28,20639,3.70146368406518,8775,6806,2090,3795,-9999,11297,8093,1806,236,34,539,2122,2829,1358,338207.31096645,15196,Professional,Finance,Health Care,Education,Administration,3015,2161,1639,1544,970,392758,Professional,Finance,Education,Public Administration,Administration,92538,68570,60621,47458,32560,The Loop,Outside of Chicago,Near North Side,Near West Side,Hyde Park,5791,4241,1442,1334,452,Outside of Chicago,Lake View,Near North Side,West Town,Lincoln Park,176694,16170,13654,10021,9890,,,,,,,,,,,,,,,,7080,,,,,,,,,,7.47154805235485,1059.09900076113,7.62200014770782,0.00719668335276513,80.4601341382726,0.0759703616757726,0.724218414550858,0.0006838061541276039,213.303988271655,0.201401368633491,34.0759463645727,0.0321744674861214,0.608380061249708,0.0005744317205591636,425.217668253871,0.401490009855815,n/a,n/a,249.863509966851,0.235920824953365,47.2231551424021,0.0445880461679831
67,Uptown,63551,56362,-7189,55137,6638,18609,13179,10143,4378,2190,37.3386821546053,30371,6402,11445,4831,2088,52447,49383,35418,31941,3472,13965,2206,29204,10452,1446,14216,2406,684,44870,40086,24740,9911,5462,4097,3244,3379,3138,45710.6455266138,29231,8797,20434,3117,32348,1354,578,600,2293,27492,4.02865329512894,2105,5469,7939,16835,-9999,18006,9023,4440,608,271,1772,3713,2458,807,257241.910631741,25628,Health Care,Professional,Accommodation and Food Service,Education,Finance,3570,3353,2746,2637,2175,12320,Health Care,Education,Retail Trade,Accommodation and Food Service,Real Estate,5441,1436,1076,870,734,Outside of Chicago,The Loop,Near North Side,Near West Side,Uptown,7693,5847,3266,1679,1130,Outside of Chicago,Uptown,Edgewater,West Ridge,Rogers Park,3914,1130,658,475,443,,,,,,,,,,,,,,,,7492,,,,,,,,,,6.4460963966774,1487.38987049189,84.7617043803654,0.0569868775241382,352.410673175772,0.236932279940314,23.782432037096552,0.01598937340431898,69.5041280986193,0.0467289239206891,243.701063998627,0.163844778583864,8.770309213545250,0.005896442746813128,340.828506264271,0.229145372727028,n/a,n/a,355.418417023602,0.23895444232524,8.21263629999607,0.00552150882759479
68,Washington Heights,29843,26493,-3350,27116,6112,4857,4820,5940,3860,1527,42.8368421052632,351,287,25968,0,510,26894,22766,13177,10583,2594,9589,228,10098,6228,969,2667,107,127,18965,16929,3973,2597,2711,1595,1288,1045,265,44071.261682243,9501,6522,2979,959,10460,7842,161,543,678,1218,6.36237144585602,237,1174,6041,3008,-9999,884,2529,4910,1594,543,3675,2682,104,61,139833.00589391,8647,Health Care,Education,Retail Trade,Administration,Public Administration,1683,1077,814,808,739,2171,Health Care,Information,Retail Trade,Education,Accommodation and Food Service,483,424,392,350,155,Outside of Chicago,The Loop,Near North Side,Near West Side,Hyde Park,2893,2029,645,642,177,Outside of Chicago,Roseland,Washington Heights,Auburn Gresham,West Pullman,1097,78,78,74,51,,,,,,,,,,,,,,,,14440,,,,,,,,,,1.80983636468488,1828.18533765104,795.734244751244,0.435259067209044,68.9523064911451,0.0377162561536233,9.911146167503228,0.00542130273303561,55.5566613378724,0.030388965600859,84.4796658962796,0.0462095741369548,36.641094770523750,0.020042330509882727,676.112124017557,0.369826904358758,n/a,n/a,49.0755228647951,0.0268438444692102,51.7225713541236,0.0282917548286323
69,Washington Park,14146,11717,-2429,12081,4876,2810,1905,1631,612,247,26.6263447432763,48,158,11595,9,271,12022,8107,4967,3389,1578,3140,69,3189,1234,316,1305,284,50,6312,5093,1067,2340,969,582,254,143,48,22084.7457627119,4336,683,3653,1372,5708,266,190,438,1299,3510,5.28185096153846,594,1088,1602,2424,-9999,1104,2008,2030,481,85,305,280,78,20,163619.402985075,3327,Health Care,Retail Trade,Accommodation and Food Service,Education,Administration,705,379,337,335,334,465,Education,Accommodation and Food Service,Construction,Arts and Entertainment,Manufacturing,93,73,54,50,46,Outside of Chicago,The Loop,Near North Side,Near West Side,Hyde Park,1021,621,262,259,94,Outside of Chicago,Greater Grand Crossing,South Shore,Roseland,New City,160,19,18,16,12,,,,,,,,,,,,,,,,8614,,,,,,,,,,28.8891333466684,972.770473241358,15.2870788885247,0.0157149906468551,128.873444486346,0.132480834925969,5.143456486456885,0.0052874307228080505,20.8717987596993,0.0214560364791425,46.6516572661472,0.0479575177798106,9.098482815812574,0.00935316507448629,229.764330451795,0.236195831156552,n/a,n/a,349.0096199611,0.358779002407597,168.070604125477,0.172775190806779
70,West Elsdon,15921,18109,2188,19219,6366,4451,3904,2678,1341,480,31.1834484924623,3241,15402,264,306,7,19205,14303,9285,7914,1371,5018,79,7461,5034,854,1279,281,13,11081,7821,987,1182,1640,993,566,616,92,44791.1227154047,5088,3516,1571,303,5390,3790,169,481,490,443,5.83237492811961,62,996,3544,789,-9999,305,1742,2271,705,367,1489,1858,133,37,160429.566563467,6275,Manufacturing,Administration,Retail Trade,Accommodation and Food Service,Health Care,966,658,644,637,605,1784,Retail Trade,Accommodation and Food Service,Finance,Health Care,Wholesale Trade,568,368,173,156,125,Outside of Chicago,The Loop,Near North Side,Near West Side,Lower West Side,2646,994,321,281,153,Outside of Chicago,West Elsdon,West Lawn,Gage Park,Brighton Park,884,114,74,49,46,,,,,,,,,,,,,,,,16389,,,,,,,,,,0.835564410004914,750.943332914705,339.22382138529,0.451730252492728,41.7746315397569,0.0556295391525925,5.019822208693119,0.00668468842943079,47.1401212605343,0.0627745386293864,15.2779908412297,0.0203450648958155,35.242187664871750,0.04693055536971484,239.690607238641,0.319186011424202,n/a,n/a,16.0587123958844,0.0213847193150438,11.515438379803,0.0153346302910861
71,West Englewood,45282,35505,-9777,32156,9584,6597,5930,5373,3516,1156,34.651624015748,235,1563,29955,11,392,31914,24715,13296,8674,4622,11419,350,8070,4284,579,2780,385,42,20118,15334,1566,4562,2762,1294,640,354,132,27399.3808049536,9744,4636,5108,3346,13090,6562,232,3888,1533,849,6.07743045597935,411,1110,4168,7401,-9999,1138,3782,5055,1981,1134,3727,821,33,51,87955.8011049724,9495,Health Care,Retail Trade,Administration,Accommodation and Food Service,Education,1968,1085,1042,906,838,1559,Health Care,Retail Trade,Accommodation and Food Service,Other Service,Wholesale Trade,602,403,106,75,69,Outside of Chicago,The Loop,Near West Side,Near North Side,Hyde Park,3607,1409,716,622,173,Outside of Chicago,West Englewood,Chicago Lawn,Roseland,New City,733,75,44,34,32,,,,,,,,,,,,,,,,10669,,,,,,,,,,2.5496991594687,2019.00119435075,500.617128434577,0.247952863938528,199.36656663376,0.0987451454667767,18.536303484532038,0.009180927448877895,51.5152761796834,0.0255152281850181,95.5641045845731,0.0473323665443911,42.355986724187780,0.02097868334238813,754.577245955578,0.373737889837271,n/a,n/a,81.9881261718754,0.0406082603622433,274.480456181981,0.135948634874506
72,West Garfield Park,23019,18001,-5018,17742,6237,3803,3291,2592,1402,417,29.377655538695,315,354,16962,61,50,17589,12648,5699,4682,1017,6949,195,4337,2200,207,1492,150,288,10048,7275,400,2772,1260,691,455,137,44,23947.3684210526,5359,1380,3979,2271,7630,824,78,2909,1842,1977,5.85427887492519,212,375,891,6152,-9999,1497,2095,2979,818,240,720,564,89,7,142500,5133,Health Care,Administration,Retail Trade,Accommodation and Food Service,Education,1033,628,617,470,395,4032,Public Administration,Retail Trade,Manufacturing,Health Care,Finance,2046,400,359,236,225,Outside of Chicago,The Loop,Near West Side,Near North Side,Austin,2103,686,355,275,185,Outside of Chicago,Austin,Garfield Ridge,Norwood Park,Portage Park,985,141,112,109,106,,,,,,,,,,,,,,,,7738,,,,,,,,,,0.277503775677648,828.577795520104,50.6960303067776,0.0611843940072704,190.446865107709,0.229847898576819,9.528118165852003,0.011499364594812898,36.6802747245109,0.0442689569076449,44.5946588618417,0.05382072643384,38.973280981972898,0.04703635698746804,333.666456759451,0.402697801659054,n/a,n/a,4.92347198807284,0.00594207570452976,119.068638623916,0.143702425128561
73,West Lawn,29235,33355,4120,32749,10654,7741,6901,4670,1869,914,31.5198531922158,4989,26395,1067,178,120,32735,24403,16396,14185,2211,8007,239,13478,9108,2096,1879,366,29,19759,13321,2187,1630,2874,1836,1389,1063,282,50384.167636787,9074,6554,2520,700,9774,6603,120,1243,805,955,6.31983186855178,391,1225,6375,1783,-9999,898,2167,3953,1955,801,3091,3308,130,23,153501.135503407,11090,Manufacturing,Retail Trade,Health Care,Administration,Accommodation and Food Service,1640,1126,1119,1099,1079,5799,Manufacturing,Retail Trade,Education,Accommodation and Food Service,Health Care,2107,1125,675,535,366,Outside of Chicago,The Loop,Near West Side,Near North Side,West Lawn,4675,1743,589,589,280,Outside of Chicago,West Lawn,Chicago Lawn,Ashburn,South Lawndale,2985,280,191,160,101,,,,,,,,,,,,,,,,14661,,,,,,,,,,1.08866364609064,1889.69929711415,615.389573213577,0.325654761132297,84.4904798742385,0.044711071228776,10.794407331665504,0.005712235458916762,169.171715341623,0.0895230874033631,105.779202113423,0.0559767378201196,192.902477408815970,0.10208104416581358,636.689977105508,0.336926609475819,n/a,n/a,35.6526457458224,0.0188668354802636,38.8288189794723,0.020547617834631
74,West Pullman,36649,29651,-6998,27982,8308,5399,4966,5185,3288,835,35.9161151555261,280,1351,26132,67,152,27906,21376,12304,9095,3209,9072,383,8443,5536,692,1900,233,82,17537,14452,2533,3555,2185,1518,919,596,285,33898.4375,9058,5513,3546,2211,11270,7633,329,1941,580,580,6.32294226044226,247,1228,5861,3935,-9999,709,2664,5478,1727,693,4270,1146,26,56,109774.352100089,8479,Health Care,Education,Retail Trade,Administration,Accommodation and Food Service,1644,956,879,818,741,954,Retail Trade,Manufacturing,Health Care,Transportation,Construction,306,221,118,76,53,Outside of Chicago,The Loop,Near West Side,Near North Side,Roseland,3333,1720,543,480,134,Outside of Chicago,West Pullman,Roseland,Auburn Gresham,West Englewood,572,59,33,20,19,,,,,,,,,,,,,,,,15836,,,,,,,,,,3.12331273295466,2281.111062507,855.909498281154,0.375216056924685,116.872888380398,0.0512350714971115,12.407673400787166,0.005439311397293751,45.0310790973755,0.0197408534102173,87.809867465078,0.038494341160475,60.410103252246309,0.026482754060143887,798.338242173264,0.349977804805291,0.212535812059510,9.317205792949334e-05,87.3965368935373,0.0383131441208682,216.722637751096,0.0950074905659846
75,West Ridge,73199,71942,-1257,72211,19462,15563,14244,13754,6727,2461,36.0082746143592,31978,12672,8110,16868,2583,70585,55819,36075,32885,3190,19744,986,31242,18351,3709,5906,2797,479,48333,40015,19004,6630,6447,3869,2671,3064,1725,46091.2343470483,24406,11376,13030,3470,27876,5096,1390,2605,6940,11750,5.42474775784753,1017,2997,11914,11948,-9999,7199,10066,8576,1489,546,3640,3569,3613,528,233175.559380379,25864,Health Care,Retail Trade,Education,Accommodation and Food Service,Professional,4767,2742,2610,2511,2021,10342,Health Care,Retail Trade,Professional,Accommodation and Food Service,Other Service,5137,1203,987,708,514,Outside of Chicago,The Loop,Near North Side,West Ridge,Near West Side,11547,3608,1704,1393,952,Outside of Chicago,West Ridge,Rogers Park,Edgewater,Albany Park,5003,1393,371,357,217,,,,,,,,,,,,,,,,14339,,,,,,,,,,2.61084013234681,2259.62109482393,553.235060979935,0.244835323164232,511.713950396973,0.226460069597131,27.334770979291431,0.012097059565387577,140.023853716364,0.061967846749667,169.040756004662,0.0748093370131304,2.584204355880742,0.0011436449950836106,655.619544403895,0.290145788559732,n/a,n/a,188.531376796895,0.0834349516513012,11.5375771900388,0.00510597870433573
76,West Town,87435,82236,-5199,86429,15453,37151,19877,8986,3637,1325,31.8709296201198,50531,23321,6480,3517,2580,85747,73447,59403,55658,3745,14043,3530,51042,22178,3546,18345,6141,832,65048,57746,40603,6743,6168,5856,4588,6228,8138,75509.481255449,37721,14262,23459,3098,40819,4242,1678,5580,13981,15306,4.9122096645012,8098,6799,4848,21074,-9999,9037,18792,9862,2502,626,661,2856,6289,4256,385644.65025591,43802,Professional,Health Care,Accommodation and Food Service,Education,Finance,6353,4810,4096,3931,3847,36931,Administration,Health Care,Accommodation and Food Service,Retail Trade,Information,7292,5300,4459,3407,3070,Outside of Chicago,The Loop,Near North Side,Near West Side,West Town,13598,10021,5002,3649,3245,Outside of Chicago,West Town,Logan Square,Lake View,Humboldt Park,15051,3245,1601,1263,798,,,,,,,,,,,,,,,,10809,,,,,,,,,,2.80102018393061,2928.44133878027,224.126318476313,0.0765343377407941,685.502970871115,0.23408458342438,137.891606538166430,0.047087030466384475,162.088311892079,0.0553496871341089,132.675570698693,0.0453058659368445,190.733222922622620,0.06513131077505724,1085.93559957673,0.370823750230569,n/a,n/a,242.089373476939,0.0826683363163327,67.3983643276152,0.0230150979755283
77,Woodlawn,27086,23740,-3346,24150,8195,5151,4574,3708,1968,554,30.8637718729747,1865,585,20456,747,497,22739,18172,9533,7359,2173,8640,288,6749,3109,385,2202,933,120,13692,11392,3193,4706,1998,924,765,453,271,23985.5570839065,9117,1932,7185,2984,12101,982,421,2096,3088,5488,5.30337653478854,903,2711,3722,4765,-9999,3028,3853,3813,1080,327,931,754,174,73,153888.888888889,7326,Health Care,Education,Administration,Accommodation and Food Service,Retail Trade,1541,1022,721,660,658,1927,Education,Accommodation and Food Service,Health Care,Real Estate,Retail Trade,454,294,255,243,168,Outside of Chicago,The Loop,Near North Side,Hyde Park,Near West Side,2308,1373,591,580,541,Outside of Chicago,Woodlawn,Hyde Park,South Shore,Greater Grand Crossing,535,135,77,66,65,,,,,,,,,,,,,,,,8756,,,,,,,,,,14.798363754673,1325.31315769617,63.918463062261,0.0482289507887874,253.744796233155,0.191460255834362,6.418449479005322,0.004842968200936521,35.4613047989713,0.0267569250279041,141.276874598232,0.106598862146526,3.764897085362037,0.0028407603618051036,341.125558038658,0.257392417827984,n/a,n/a,357.380484675353,0.26965738821804,122.222329725172,0.0922214715936533
